FECHA,HORA_UTC,LATITUD (grados),LONGITUD (grados),PROFUNDIDAD (Km),MAGNITUD Ml,MAGNITUD Mw,DEPARTAMENTO,MUNICIPIO,# FASES,RMS (Seg),GAP (grados),ERROR LATITUD (Km),ERROR LONGITUD (Km),ERROR PROFUNDIDAD (Km),ESTADO
1993-09-15,09:25:37,   4.250, -75.553,   4.0,  2.2,,QUINDIO,PIJAO,8, 1.10,168,  7.9, 15.2, 22.3,Revisado
1994-04-07,14:20:39,   4.614, -75.623, 144.2,  2.4,,QUINDIO,CIRCASIA,4, 0.50,237, 13.3, 11.4, 17.9,Revisado
1994-06-01,01:52:57,   4.520, -75.540,   0.0,  2.0,,QUINDIO,SALENTO,0, 1.70,0,  0.0,  0.0,  0.0,Revisado
1994-11-10,19:58:42,   4.413, -75.767, 123.9,  2.9,,QUINDIO,LA_TEBAIDA,11, 1.30,202, 22.1, 23.7, 22.0,Revisado
1995-01-01,14:46:16,   4.468, -75.552,   0.0,  3.1,,QUINDIO,CALARCA,11, 1.80,147, 26.5, 26.6, 20.8,Revisado
1995-02-07,04:45:07,   4.454, -75.806, 166.1,  3.4,,QUINDIO,LA_TEBAIDA,12, 0.90,114, 13.9, 15.6, 37.1,Revisado
1995-06-03,12:36:37,   4.580, -75.812, 155.0,  3.4,,QUINDIO,MONTENEGRO,15, 0.40,109,  5.7,  7.8, 12.9,Revisado
1995-08-16,11:29:49,   4.378, -75.624,   6.9,  2.1,,QUINDIO,CORDOBA,6, 0.40,132,  2.8,  4.9,  7.6,Revisado
1995-10-02,00:10:14,   4.199, -75.804, 177.9,  4.1,,QUINDIO,GENOVA,11, 0.80,88,  7.0,  8.5, 25.8,Revisado
1995-12-02,13:56:35,   4.096, -75.736,   5.0,  2.4,,QUINDIO,GENOVA,9, 0.60,167,  2.9,  4.2,  6.3,Revisado
1996-02-10,20:22:34,   4.676, -75.664, 134.6,  3.7,,QUINDIO,FILANDIA,12, 0.80,65,  5.7,  6.7, 17.9,Revisado
1996-02-26,15:36:55,   4.726, -75.587, 140.6,  2.7,,QUINDIO,SALENTO,9, 0.90,113,  7.1, 10.8, 15.8,Revisado
1996-03-10,03:43:00,   4.581, -75.605, 100.1,  2.3,,QUINDIO,CALARCA,4, 1.10,215, 13.0, 30.7, 80.4,Revisado
1996-04-02,06:50:26,   4.482, -75.759,   4.0,  2.3,,QUINDIO,LA_TEBAIDA,6, 0.70,187, 10.7,  8.3, 17.9,Revisado
1996-06-06,08:21:56,   4.681, -75.563, 152.0,  3.1,,QUINDIO,SALENTO,10, 0.60,184,  8.9, 10.9, 14.7,Revisado
1996-10-07,14:32:40,   4.053, -75.835,   4.0,  2.2,,QUINDIO,GENOVA,4, 1.00,176, 35.9, 40.4, 78.7,Revisado
1996-11-05,23:14:26,   4.590, -75.686, 150.0,  2.9,,QUINDIO,CIRCASIA,8, 0.60,165,  3.6,  8.6, 10.0,Revisado
1996-12-03,08:07:59,   4.210, -75.890,   0.0,  2.9,,QUINDIO,GENOVA,0, 1.60,0,  0.0,  0.0,  0.0,Revisado
1997-01-10,08:34:39,   4.745, -75.413,   0.0,  2.0,,QUINDIO,SALENTO,4, 0.90,237,  6.6, 23.8, 11.8,Revisado
1997-01-14,23:10:58,   4.595, -75.543,   0.0,  2.2,,QUINDIO,SALENTO,6, 0.90,211,  7.1, 11.2,  9.1,Revisado
1997-03-01,09:25:06,   4.489, -75.853, 132.0,  3.1,,QUINDIO,LA_TEBAIDA,9, 1.00,92, 15.5, 14.0, 20.8,Revisado
1997-04-24,19:23:14,   4.590, -75.811, 150.0,  3.3,,QUINDIO,QUIMBAYA,7, 0.90,105, 10.9, 13.4, 16.2,Revisado
1997-08-10,17:50:46,   4.703, -75.687, 142.4,  3.9,,QUINDIO,FILANDIA,16, 0.80,66,  5.3,  5.6, 10.7,Revisado
1997-09-01,16:10:46,   4.689, -75.706, 164.0,  3.5,,QUINDIO,FILANDIA,11, 0.90,118,  9.1, 13.9, 17.4,Revisado
1997-09-02,12:13:21,   3.958, -75.866, 230.0,  6.8,,QUINDIO,GENOVA,18, 0.70,54,  6.4,  7.5, 15.9,Revisado
1997-10-09,23:36:20,   3.949, -75.900, 194.0,  2.4,,QUINDIO,GENOVA,5, 0.60,153,  8.7, 13.9, 16.6,Revisado
1997-12-11,07:56:29,   3.980, -75.943, 207.5,  6.5,,QUINDIO,GENOVA,14, 1.10,64,  9.8, 10.7, 25.6,Revisado
1998-01-09,02:35:45,   4.492, -75.654, 160.0,  2.5,,QUINDIO,CALARCA,9, 0.70,165,  8.9,  6.2, 12.3,Revisado
1998-02-11,06:52:49,   4.468, -75.624,  18.3,  1.9,,QUINDIO,CALARCA,3, 0.10,213, 21.2, 48.3, 76.7,Revisado
1998-05-04,12:13:57,   4.732, -75.471,   0.0,  2.0,,QUINDIO,SALENTO,4, 0.90,258,  9.1, 29.6, 11.8,Revisado
1998-09-02,05:08:49,   4.060, -75.816,   0.0,  2.5,,QUINDIO,GENOVA,5, 0.90,163, 16.3, 23.6, 57.0,Revisado
1998-09-03,22:12:37,   4.011, -75.917, 180.0,  3.0,,QUINDIO,GENOVA,5, 0.90,159, 14.5, 20.9, 20.9,Revisado
1999-01-05,05:55:53,   4.319, -75.678,   4.1,  2.8,,QUINDIO,PIJAO,6, 1.10,104, 11.2, 12.7, 19.5,Revisado
1999-01-25,18:19:17,   4.439, -75.698,   0.0,  6.3,,QUINDIO,CORDOBA,12, 1.10,90,  8.8,  6.5, 14.8,Revisado
1999-01-25,18:51:05,   4.461, -75.744,   0.8,  2.9,,QUINDIO,LA_TEBAIDA,5, 1.30,126, 22.0, 14.8, 40.1,Revisado
1999-01-25,19:01:02,   4.388, -75.631,   4.3,  2.5,,QUINDIO,CORDOBA,6, 0.80,134,  7.4,  6.4, 15.4,Revisado
1999-01-25,19:07:20,   4.409, -75.700,   3.3,  2.6,,QUINDIO,CORDOBA,5, 1.10,130, 17.9, 14.1, 88.3,Revisado
1999-01-25,19:08:48,   4.503, -75.712,   3.5,  4.5,,QUINDIO,ARMENIA,12, 1.00,88, 12.6, 12.1, 29.9,Revisado
1999-01-25,20:28:21,   4.424, -75.691,   4.0,  3.0,,QUINDIO,CORDOBA,4, 0.80,169, 31.1, 16.2, 66.5,Revisado
1999-01-25,21:03:19,   4.344, -75.691,   0.0,  3.2,,QUINDIO,PIJAO,5, 1.70,156, 50.0, 23.4, 34.4,Revisado
1999-01-25,21:23:06,   4.504, -75.688,   0.0,  3.7,,QUINDIO,ARMENIA,6, 1.00,125, 31.5, 17.5, 75.6,Revisado
1999-01-25,21:47:17,   4.470, -75.652,  10.0,  2.6,,QUINDIO,CALARCA,4, 0.80,174, 20.6,  9.0, 18.2,Revisado
1999-01-25,22:03:55,   4.317, -75.600,   1.0,  2.6,,QUINDIO,PIJAO,6, 0.70,127, 24.5,  9.2, 62.9,Revisado
1999-01-25,22:11:57,   4.477, -75.641,   5.1,  2.3,,QUINDIO,CALARCA,4, 0.70,178, 16.0,  7.2, 29.4,Revisado
1999-01-25,22:40:18,   4.414, -75.724,   3.5,  5.8,,QUINDIO,CORDOBA,12, 1.00,90, 16.1, 10.2, 25.0,Revisado
1999-01-25,23:33:47,   4.467, -75.700,   2.8,  2.8,,QUINDIO,ARMENIA,6, 0.70,176, 31.1, 14.6, 41.6,Revisado
1999-01-26,01:34:09,   4.464, -75.695,   5.0,  2.8,,QUINDIO,CORDOBA,6, 0.90,126, 16.5, 11.4, 34.4,Revisado
1999-01-26,02:08:31,   4.348, -75.652,   3.2,  2.9,,QUINDIO,PIJAO,5, 0.60,153, 18.6,  8.8, 24.8,Revisado
1999-01-26,02:30:41,   4.435, -75.669,   3.2,  2.5,,QUINDIO,CORDOBA,5, 0.70,145, 37.5, 19.6, 58.3,Revisado
1999-01-26,04:00:13,   4.402, -75.682,   1.6,  3.5,,QUINDIO,CORDOBA,5, 0.90,163, 19.3, 10.9, 44.8,Revisado
1999-01-26,04:19:05,   4.445, -75.647,   5.0,  2.5,,QUINDIO,CORDOBA,5, 0.80,184, 78.0, 33.1, 35.3,Revisado
1999-01-26,04:31:04,   4.453, -75.718,   4.0,  2.7,,QUINDIO,LA_TEBAIDA,5, 1.50,175, 66.9, 32.7, 57.6,Revisado
1999-01-26,07:24:27,   4.401, -75.685,   4.0,  2.7,,QUINDIO,CORDOBA,7, 1.10,130, 19.2, 11.8, 29.4,Revisado
1999-01-26,11:58:48,   4.404, -75.697,   6.7,  3.3,,QUINDIO,CORDOBA,7, 0.70,128, 17.0, 11.8, 35.6,Revisado
1999-01-27,01:33:12,   4.362, -75.636,   3.9,  3.3,,QUINDIO,CORDOBA,4, 1.00,208, 96.3, 50.4, 29.6,Revisado
1999-01-27,06:05:02,   4.448, -75.685,   3.0,  3.7,,QUINDIO,CORDOBA,6, 0.90,155, 22.6, 12.5, 32.7,Revisado
1999-01-27,06:05:03,   4.472, -75.665,   3.9,  3.6,,QUINDIO,CALARCA,4, 0.40,154, 17.8,  6.5,  9.1,Revisado
1999-01-27,16:42:54,   4.527, -75.718,   0.0,  3.7,,QUINDIO,ARMENIA,11, 1.00,92, 11.3, 11.8, 30.8,Revisado
1999-01-27,20:44:26,   4.521, -75.717,   7.4,  2.7,,QUINDIO,ARMENIA,6, 0.90,159, 14.0, 14.9, 28.8,Revisado
1999-01-27,23:11:15,   4.546, -75.609,   0.0,  2.1,,QUINDIO,CALARCA,4, 0.60,181,  6.3,  6.6,  9.6,Revisado
1999-01-28,00:32:45,   4.499, -75.677,   2.9,  2.9,,QUINDIO,ARMENIA,7, 0.90,112, 14.5, 16.4, 49.5,Revisado
1999-01-28,05:45:38,   4.426, -75.771,   4.8,  2.6,,QUINDIO,LA_TEBAIDA,6, 0.90,156,  6.8,  8.3, 21.7,Revisado
1999-01-28,09:45:07,   4.475, -75.675,   5.9,  2.6,,QUINDIO,ARMENIA,7, 0.90,111, 10.9, 11.1, 36.0,Revisado
1999-01-28,16:13:18,   4.464, -75.710,   5.5,  3.0,,QUINDIO,CORDOBA,6, 0.90,129, 10.1,  7.4, 21.1,Revisado
1999-01-28,16:35:49,   4.492, -75.690,   0.0,  2.9,,QUINDIO,ARMENIA,7, 0.90,111, 14.2, 11.9, 38.5,Revisado
1999-01-28,20:16:19,   4.536, -75.625,   0.0,  2.4,,QUINDIO,CALARCA,4, 0.70,182,  4.9,  5.6,  9.8,Revisado
1999-01-28,22:17:24,   4.459, -75.722,   4.3,  3.0,,QUINDIO,LA_TEBAIDA,6, 1.00,111,  9.5,  7.8, 23.6,Revisado
1999-01-28,22:51:17,   4.550, -75.697,   4.3,  2.4,,QUINDIO,ARMENIA,5, 0.70,152,  4.5,  5.7, 10.9,Revisado
1999-01-29,01:00:12,   4.388, -75.662,   6.5,  2.1,,QUINDIO,CORDOBA,5, 1.00,144,  5.9, 12.6, 12.4,Revisado
1999-01-29,06:06:56,   4.525, -75.688,   0.0,  3.9,,QUINDIO,ARMENIA,11, 0.90,92, 11.1,  9.4, 32.9,Revisado
1999-01-29,16:40:32,   4.614, -75.658,   0.0,  2.4,,QUINDIO,CIRCASIA,5, 0.90,187, 13.8, 18.4, 42.1,Revisado
1999-01-29,18:58:12,   4.404, -75.672,   4.1,  2.5,,QUINDIO,CORDOBA,6, 0.90,131,  4.9,  5.3,  7.5,Revisado
1999-01-30,02:17:17,   4.393, -75.630,   0.0,  2.4,,QUINDIO,CORDOBA,6, 0.90,105, 12.4, 12.2, 48.2,Revisado
1999-01-30,03:41:01,   4.449, -75.683,   6.6,  2.1,,QUINDIO,CORDOBA,6, 0.80,111, 10.1, 14.8, 25.7,Revisado
1999-01-30,04:21:54,   4.403, -75.650,   1.7,  2.5,,QUINDIO,CORDOBA,7, 0.70,103,  3.3,  4.8,  7.5,Revisado
1999-01-30,04:21:54,   4.403, -75.650,   1.7,  2.5,,QUINDIO,CORDOBA,7, 0.70,183, 17.8, 18.1, 29.2,Revisado
1999-01-30,12:24:27,   4.417, -75.715,   7.1,  4.2,,QUINDIO,CORDOBA,10, 1.00,95, 11.0, 10.0, 43.2,Revisado
1999-01-30,14:32:59,   4.472, -75.711,   4.2,  2.7,,QUINDIO,ARMENIA,6, 1.00,111, 10.2,  8.7, 25.4,Revisado
1999-01-31,00:46:01,   4.470, -75.729,   0.0,  2.0,,QUINDIO,LA_TEBAIDA,6, 0.60,111,  4.7, 11.0, 12.8,Revisado
1999-01-31,04:49:10,   4.477, -75.694,   7.1,  2.0,,QUINDIO,ARMENIA,6, 0.90,110, 13.9, 14.6, 26.2,Revisado
1999-01-31,05:42:35,   4.454, -75.669,   7.6,  2.6,,QUINDIO,CORDOBA,7, 1.00,111, 12.2, 10.6, 41.4,Revisado
1999-01-31,06:17:25,   4.445, -75.664,   6.8,  3.0,,QUINDIO,CORDOBA,11, 0.90,95,  9.3, 13.0, 28.8,Revisado
1999-01-31,07:26:42,   4.487, -75.659,   0.0,  2.3,,QUINDIO,CALARCA,6, 0.70,212,  7.4, 16.4, 17.3,Revisado
1999-01-31,07:26:43,   4.542, -75.698,   4.0,  2.2,,QUINDIO,ARMENIA,5, 1.10,154, 20.0, 15.7, 31.3,Revisado
1999-01-31,10:03:30,   4.521, -75.666,   4.4,  3.6,,QUINDIO,ARMENIA,12, 1.00,94,  9.1,  7.8, 29.1,Revisado
1999-01-31,15:03:09,   4.463, -75.725,   5.8,  2.8,,QUINDIO,LA_TEBAIDA,5, 0.50,157, 19.1, 20.3, 92.5,Revisado
1999-01-31,15:30:03,   4.508, -75.693,   0.0,  3.3,,QUINDIO,ARMENIA,8, 0.80,93,  8.5,  7.3, 27.1,Revisado
1999-01-31,18:36:56,   4.480, -75.705,   6.7,  3.2,,QUINDIO,ARMENIA,8, 0.90,93, 11.0, 11.8, 29.3,Revisado
1999-01-31,22:53:03,   4.554, -75.638,   7.6,  2.2,,QUINDIO,CALARCA,4, 0.80,183, 28.4, 19.2, 18.3,Revisado
1999-02-01,08:23:58,   4.522, -75.697,   0.0,  2.7,,QUINDIO,ARMENIA,5, 0.80,112, 15.3, 12.9, 28.3,Revisado
1999-02-01,10:40:28,   4.387, -75.655,   6.0,  2.2,,QUINDIO,CORDOBA,6, 0.90,106,  8.7, 13.4, 19.3,Revisado
1999-02-01,16:46:22,   4.511, -75.594,   4.0,  2.4,,QUINDIO,CALARCA,4, 0.00,181,  3.4,  1.9,  0.0,Revisado
1999-02-01,20:28:26,   4.483, -75.829,   4.0,  2.7,,QUINDIO,LA_TEBAIDA,6, 0.60,116, 10.4,  7.0, 21.1,Revisado
1999-02-02,06:26:49,   4.512, -75.652,   1.1,  3.0,,QUINDIO,CALARCA,10, 1.30,62,  9.3,  6.8, 14.6,Revisado
1999-02-02,07:58:39,   4.362, -75.687,   8.0,  2.0,,QUINDIO,CORDOBA,4, 0.10,150,  3.1,  6.0,  9.7,Revisado
1999-02-02,18:42:36,   4.394, -75.598,   0.0,  3.1,,QUINDIO,CORDOBA,4, 0.40,128,  8.5,  6.1, 12.7,Revisado
1999-02-03,10:14:37,   4.384, -75.697,   4.4,  3.1,,QUINDIO,CORDOBA,8, 1.40,107, 15.2, 20.8, 37.0,Revisado
1999-02-03,17:41:44,   4.557, -75.660,   3.1,  2.4,,QUINDIO,CALARCA,4, 0.40,184,  3.8,  4.2,  6.2,Revisado
1999-02-03,18:01:26,   4.352, -75.595,   9.8,  2.7,,QUINDIO,CORDOBA,5, 0.50,133,  6.1, 13.3, 15.4,Revisado
1999-02-04,10:32:32,   4.558, -75.674,   4.8,  3.1,,QUINDIO,ARMENIA,6, 0.60,95,  5.8,  8.1, 16.9,Revisado
1999-02-04,15:38:18,   4.426, -75.833,   4.0,  2.8,,QUINDIO,LA_TEBAIDA,5, 1.10,126, 27.1, 17.8, 49.9,Revisado
1999-02-04,22:59:10,   4.497, -75.681,   4.0,  2.2,,QUINDIO,ARMENIA,3, 1.10,223, 85.1, 75.1, 19.4,Revisado
1999-02-05,00:10:05,   4.525, -75.668,   4.1,  3.1,,QUINDIO,ARMENIA,10, 0.90,88,  7.9,  6.4, 15.5,Revisado
1999-02-05,14:40:21,   4.479, -75.679,   4.0,  2.1,,QUINDIO,ARMENIA,4, 0.90,152, 13.9,  9.8, 19.0,Revisado
1999-02-05,22:17:08,   4.418, -75.584,   0.0,  1.9,,QUINDIO,CORDOBA,3, 0.50,279, 10.1, 92.7, 70.2,Revisado
1999-02-05,23:45:17,   4.470, -75.686,   4.0,  3.4,,QUINDIO,ARMENIA,9, 1.30,78,  9.0,  9.8, 19.9,Revisado
1999-02-06,06:06:31,   4.558, -75.658,   4.8,  2.2,,QUINDIO,CALARCA,7, 0.60,112,  4.2,  5.0,  9.7,Revisado
1999-02-06,10:42:12,   4.493, -75.719,   4.1,  2.6,,QUINDIO,ARMENIA,6, 0.90,126, 10.2, 12.9, 26.2,Revisado
1999-02-06,13:48:41,   4.461, -75.694,   4.0,  3.4,,QUINDIO,CORDOBA,6, 0.80,128, 11.9,  6.8, 20.6,Revisado
1999-02-06,21:54:33,   4.505, -75.660,   3.9,  3.0,,QUINDIO,CALARCA,10, 1.60,110,  8.6,  7.6, 15.3,Revisado
1999-02-06,22:28:40,   4.362, -75.619,  11.0,  2.7,,QUINDIO,CORDOBA,7, 1.10,104,  7.2, 11.1, 16.1,Revisado
1999-02-07,08:09:10,   4.532, -75.686,   2.5,  3.0,,QUINDIO,ARMENIA,8, 1.00,76,  7.8,  6.2, 13.7,Revisado
1999-02-07,08:23:50,   4.506, -75.685,   3.0,  3.3,,QUINDIO,ARMENIA,12, 1.30,63,  8.9,  8.3, 17.9,Revisado
1999-02-07,15:44:21,   4.379, -75.626,  10.0,  2.3,,QUINDIO,CORDOBA,6, 0.60,104,  5.8,  5.3,  8.8,Revisado
1999-02-07,16:23:23,   4.531, -75.664,   6.9,  3.0,,QUINDIO,CALARCA,8, 1.20,76,  8.7,  8.6, 18.5,Revisado
1999-02-08,13:23:46,   4.473, -75.605,   4.2,  2.2,,QUINDIO,CALARCA,4, 0.80,212, 25.0, 19.8, 26.9,Revisado
1999-02-08,20:40:40,   4.490, -75.670,   6.7,  2.7,,QUINDIO,ARMENIA,7, 1.20,110, 10.1, 11.8, 22.1,Revisado
1999-02-09,20:23:39,   4.491, -75.637,   8.6,  2.3,,QUINDIO,CALARCA,7, 0.90,109,  8.3, 14.3, 27.5,Revisado
1999-02-09,21:43:27,   4.392, -75.725,   4.0,  2.1,,QUINDIO,CORDOBA,5, 0.90,153,  8.1, 16.9, 30.2,Revisado
1999-02-09,21:52:55,   4.402, -75.742,   4.7,  2.2,,QUINDIO,BUENAVISTA,7, 1.00,110,  8.8, 16.6, 31.6,Revisado
1999-02-10,00:41:32,   4.443, -75.667,   4.1,  2.2,,QUINDIO,CORDOBA,7, 1.10,108,  8.7, 14.8, 29.1,Revisado
1999-02-10,01:42:04,   4.506, -75.600,   2.3,  1.8,,QUINDIO,CALARCA,5, 0.60,181,  4.2,  6.3,  7.9,Revisado
1999-02-11,07:34:01,   4.372, -75.664,   4.0,  1.7,,QUINDIO,CORDOBA,5, 1.50,184, 11.2, 26.5, 39.6,Revisado
1999-02-11,10:10:10,   4.516, -75.710,   4.0,  3.3,,QUINDIO,ARMENIA,13, 1.20,64,  7.0,  7.6, 14.3,Revisado
1999-02-12,14:34:32,   4.550, -75.768,  10.0,  2.0,,QUINDIO,MONTENEGRO,6, 0.50,116,  6.5,  8.8, 19.4,Revisado
1999-02-12,14:36:52,   4.474, -75.673,   4.0,  2.1,,QUINDIO,ARMENIA,5, 0.80,151,  6.7, 10.0, 20.1,Revisado
1999-02-12,14:38:43,   4.384, -75.630,   0.9,  2.4,,QUINDIO,CORDOBA,5, 0.20,183,  2.4,  5.8,  9.0,Revisado
1999-02-14,02:55:39,   4.450, -75.633,  12.0,  2.0,,QUINDIO,CORDOBA,4, 0.50,149,  4.0, 10.2, 11.8,Revisado
1999-02-14,07:26:44,   4.512, -75.659,   4.0,  2.6,,QUINDIO,CALARCA,5, 1.10,110, 12.9,  8.9, 19.5,Revisado
1999-02-14,19:56:19,   4.514, -75.713,   4.0,  2.0,,QUINDIO,ARMENIA,4, 0.60,154, 32.1, 23.4, 57.6,Revisado
1999-02-14,20:48:27,   4.480, -75.745,   4.4,  2.4,,QUINDIO,LA_TEBAIDA,5, 0.80,155, 11.5, 18.1, 24.8,Revisado
1999-02-16,12:18:38,   4.480, -75.656,   5.9,  2.3,,QUINDIO,CALARCA,5, 1.10,128, 11.5,  9.6, 19.5,Revisado
1999-02-16,13:27:47,   4.324, -75.649,   8.0,  2.8,,QUINDIO,PIJAO,6, 1.00,103,  9.7, 16.0, 17.2,Revisado
1999-02-17,04:12:09,   4.563, -75.693,   4.2,  2.3,,QUINDIO,ARMENIA,5, 0.90,154,  6.9, 13.5, 23.9,Revisado
1999-02-17,04:58:00,   4.470, -75.721,   4.0,  2.8,,QUINDIO,ARMENIA,10, 1.40,93, 10.9,  9.0, 17.4,Revisado
1999-02-17,05:48:37,   4.572, -75.687,   1.2,  2.0,,QUINDIO,ARMENIA,4, 0.30,153,  4.6,  3.5,  8.2,Revisado
1999-02-18,04:49:55,   4.465, -75.648,   0.0,  2.5,,QUINDIO,CALARCA,4, 0.60,112,  5.9,  4.3, 11.4,Revisado
1999-02-18,13:47:07,   4.446, -75.623,   4.0,  2.4,,QUINDIO,CORDOBA,6, 0.90,106,  9.1, 12.7, 25.4,Revisado
1999-02-19,09:54:15,   4.489, -75.678,   6.0,  2.9,,QUINDIO,ARMENIA,7, 1.10,110, 12.6, 17.6, 32.5,Revisado
1999-02-20,02:33:54,   4.526, -75.674,   3.2,  2.4,,QUINDIO,ARMENIA,6, 1.30,152,  9.7, 12.6, 18.2,Revisado
1999-02-20,13:32:35,   4.476, -75.617,   0.0,  2.2,,QUINDIO,CALARCA,3, 0.60,277, 31.8, 25.9, 30.2,Revisado
1999-02-21,05:32:11,   4.484, -75.707,   8.0,  3.5,,QUINDIO,ARMENIA,10, 1.10,93,  9.0,  9.4, 18.6,Revisado
1999-02-21,05:57:43,   4.408, -75.642,   4.0,  2.6,,QUINDIO,CORDOBA,6, 0.80,155, 19.0, 14.1, 33.5,Revisado
1999-02-21,06:36:01,   4.407, -75.712,   3.1,  2.1,,QUINDIO,CORDOBA,5, 0.90,109,  7.1,  7.8, 14.1,Revisado
1999-02-21,10:05:20,   4.505, -75.676,   4.1,  2.3,,QUINDIO,ARMENIA,7, 0.60,111,  8.2,  8.7, 19.7,Revisado
1999-02-21,13:36:27,   4.552, -75.669,   1.1,  2.3,,QUINDIO,ARMENIA,7, 1.30,112, 10.7,  7.7, 15.9,Revisado
1999-02-22,10:47:15,   4.699, -75.490,  51.0,  3.2,,QUINDIO,SALENTO,4, 0.50,236, 19.7, 17.1, 14.5,Revisado
1999-02-23,14:22:13,   4.496, -75.710,   6.0,  2.4,,QUINDIO,ARMENIA,7, 0.90,112,  7.6,  9.2, 17.8,Revisado
1999-02-23,16:37:33,   4.354, -75.570,   3.8,  2.3,,QUINDIO,CORDOBA,5, 0.50,144, 12.4, 13.0, 25.5,Revisado
1999-02-24,03:33:13,   4.387, -75.665,   9.1,  2.7,,QUINDIO,CORDOBA,11, 1.00,60,  6.2,  8.0, 13.6,Revisado
1999-02-24,12:06:55,   4.504, -75.678,  10.0,  2.5,,QUINDIO,ARMENIA,6, 0.80,152,  6.2, 22.4, 32.1,Revisado
1999-02-24,12:06:56,   4.449, -75.625,   4.2,  2.9,,QUINDIO,CORDOBA,6, 1.10,168,  9.3,  8.2, 18.6,Revisado
1999-02-24,15:31:34,   4.475, -75.605,   0.0,  2.2,,QUINDIO,CALARCA,4, 0.10,117,  1.4,  1.6,  3.8,Revisado
1999-02-25,15:38:39,   4.417, -75.694,   7.4,  4.2,,QUINDIO,CORDOBA,13, 1.20,88,  9.6, 10.4, 24.2,Revisado
1999-02-28,04:21:05,   4.518, -75.666,   0.0,  2.3,,QUINDIO,CALARCA,5, 1.20,185, 19.4, 33.1,  5.9,Revisado
1999-03-01,05:13:02,   4.491, -75.617,   4.0,  2.4,,QUINDIO,CALARCA,7, 0.50,108,  3.0,  3.2,  5.9,Revisado
1999-03-01,21:28:51,   4.636, -75.631,   2.1,  2.7,,QUINDIO,CIRCASIA,4, 0.50,183,  4.8,  6.2, 10.8,Revisado
1999-03-02,00:03:44,   4.622, -75.651,   5.6,  2.2,,QUINDIO,CIRCASIA,4, 0.40,184,  4.6,  6.5,  9.1,Revisado
1999-03-02,01:21:14,   4.525, -75.708,   4.0,  2.3,,QUINDIO,ARMENIA,5, 1.20,154,  9.8, 12.9, 21.6,Revisado
1999-03-02,07:42:13,   4.418, -75.749,   4.0,  3.2,,QUINDIO,CORDOBA,10, 0.90,107,  6.9,  9.8, 14.6,Revisado
1999-03-02,23:05:41,   4.526, -75.728,   4.2,  2.3,,QUINDIO,ARMENIA,6, 0.70,139,  5.0,  7.9, 11.0,Revisado
1999-03-03,04:57:54,   4.484, -75.597,   4.0,  2.0,,QUINDIO,CALARCA,4, 0.50,181,  3.7, 10.3, 14.9,Revisado
1999-03-05,19:26:27,   4.419, -75.667,   3.7,  3.5,,QUINDIO,CORDOBA,8, 0.80,150,  4.4,  9.0, 10.1,Revisado
1999-03-06,03:24:32,   4.506, -75.730,   0.0,  3.2,,QUINDIO,ARMENIA,8, 1.10,107, 14.2, 24.2, 76.4,Revisado
1999-03-07,03:44:05,   4.624, -75.603,   2.0,  2.3,,QUINDIO,SALENTO,5, 0.40,158,  2.6,  3.6,  5.8,Revisado
1999-03-08,12:11:42,   4.493, -75.812,   0.1,  2.9,,QUINDIO,LA_TEBAIDA,5, 2.20,192, 17.8, 37.8, 39.4,Revisado
1999-03-09,17:03:23,   4.481, -75.626,   6.5,  2.0,,QUINDIO,CALARCA,4, 0.40,118,  4.5,  7.5, 15.9,Revisado
1999-03-10,05:52:03,   4.483, -75.648,   9.0,  1.5,,QUINDIO,CALARCA,3, 0.10,227,  1.5,  3.9,  5.7,Revisado
1999-03-11,13:07:24,   4.499, -75.666,   4.0,  3.6,,QUINDIO,CALARCA,10, 0.50,62,  2.8,  3.2,  6.2,Revisado
1999-03-11,20:21:05,   4.452, -75.681,   4.0,  2.9,,QUINDIO,CORDOBA,7, 0.70,109,  8.1,  8.4, 34.5,Revisado
1999-03-13,03:30:30,   4.494, -75.636,   1.1,  2.7,,QUINDIO,CALARCA,5, 0.60,159,  3.9,  6.2,  8.6,Revisado
1999-03-13,07:41:04,   4.499, -75.623,   0.8,  2.7,,QUINDIO,CALARCA,5, 0.60,182,  4.3,  7.1,  9.6,Revisado
1999-03-13,10:26:01,   4.497, -75.592,   3.6,  2.6,,QUINDIO,CALARCA,5, 0.50,181,  3.3,  5.6,  7.1,Revisado
1999-03-13,10:43:31,   4.472, -75.665,   0.0,  2.2,,QUINDIO,CALARCA,4, 1.00,184,  9.1, 13.4, 20.5,Revisado
1999-03-13,23:37:18,   4.460, -75.596,   3.9,  2.3,,QUINDIO,CALARCA,5, 1.00,181,  6.0, 10.8, 13.7,Revisado
1999-03-14,17:22:05,   4.454, -75.660,   3.3,  1.9,,QUINDIO,CORDOBA,3, 0.30,229,  3.3,  5.5,  6.8,Revisado
1999-03-16,15:43:01,   4.414, -75.654,   3.5,  2.4,,QUINDIO,CORDOBA,3, 0.00,230,  1.4,  4.0,  4.9,Revisado
1999-03-17,01:04:38,   4.459, -75.708,   4.0,  3.5,,QUINDIO,CORDOBA,8, 1.40,139, 14.4, 18.8, 42.3,Revisado
1999-03-21,22:14:40,   4.505, -75.660,   4.0,  2.8,,QUINDIO,CALARCA,7, 0.40,110,  3.8,  6.9, 14.1,Revisado
1999-03-22,22:43:40,   4.514, -75.676,   0.0,  2.3,,QUINDIO,ARMENIA,7, 0.50,185,  5.4,  9.1, 14.6,Revisado
1999-03-23,03:56:58,   4.490, -75.654,   4.0,  3.2,,QUINDIO,CALARCA,11, 1.60,62,  9.0, 11.2, 22.3,Revisado
1999-03-25,07:12:21,   4.397, -75.715,   3.4,  2.8,,QUINDIO,CORDOBA,6, 0.80,187,  9.9, 12.6, 23.2,Revisado
1999-03-25,07:12:22,   4.389, -75.668,   3.8,  2.7,,QUINDIO,CORDOBA,8, 1.20,106,  7.5, 10.4, 17.6,Revisado
1999-03-29,15:46:03,   4.612, -75.621,   8.0,  2.9,,QUINDIO,CIRCASIA,6, 0.50,112,  4.0,  8.0, 11.9,Revisado
1999-03-30,18:43:12,   4.500, -75.662,   3.7,  3.4,,QUINDIO,CALARCA,8, 1.40,110, 16.9, 16.6, 47.5,Revisado
1999-04-01,09:54:52,   4.631, -75.633,   4.0,  2.5,,QUINDIO,CIRCASIA,5, 1.10,183, 12.7, 19.9, 29.3,Revisado
1999-04-04,09:03:02,   4.474, -75.549,  18.4,  2.8,,QUINDIO,CALARCA,5, 0.50,178,  3.7, 17.8, 12.8,Revisado
1999-04-04,10:12:25,   4.462, -75.617,  11.9,  2.0,,QUINDIO,CALARCA,3, 0.10,225,  1.3,  4.6,  5.1,Revisado
1999-04-06,12:10:49,   4.406, -75.659,   5.7,  2.7,,QUINDIO,CORDOBA,6, 0.70,184,  3.8, 11.9, 15.8,Revisado
1999-04-06,18:40:05,   4.425, -75.675,   0.0,  3.1,,QUINDIO,CORDOBA,6, 1.30,185, 12.1, 18.0, 27.1,Revisado
1999-04-07,10:46:09,   4.420, -75.586,  13.5,  2.4,,QUINDIO,CORDOBA,5, 0.20,180,  7.3, 33.4, 31.5,Revisado
1999-04-08,14:09:34,   4.476, -75.685,   4.0,  3.4,,QUINDIO,ARMENIA,6, 0.70,185,  5.8, 13.8, 20.9,Revisado
1999-04-08,15:41:25,   4.497, -75.684,   4.0,  3.5,,QUINDIO,ARMENIA,9, 0.80,114,  5.2,  7.1, 11.6,Revisado
1999-04-09,02:32:08,   4.530, -75.615,   0.0,  2.2,,QUINDIO,CALARCA,5, 0.70,182,  5.1,  8.2, 10.9,Revisado
1999-04-11,17:40:38,   4.475, -75.587,  12.7,  2.2,,QUINDIO,CALARCA,4, 0.20,180,  1.9,  7.9, 10.9,Revisado
1999-04-14,01:40:29,   4.486, -75.607,   0.0,  2.0,,QUINDIO,CALARCA,4, 0.30,181,  2.4,  4.0,  5.3,Revisado
1999-04-14,20:23:48,   4.480, -75.593,   9.8,  2.3,,QUINDIO,CALARCA,4, 0.50,186,  3.8, 13.1, 16.0,Revisado
1999-04-15,08:49:02,   4.693, -75.390,  30.8,  2.6,,QUINDIO,SALENTO,6, 0.90,281, 20.1, 20.9,  9.7,Revisado
1999-04-15,13:59:36,   4.471, -75.642,   4.3,  2.2,,QUINDIO,CALARCA,3, 0.10,227,  2.1,  4.0,  7.0,Revisado
1999-04-16,12:24:03,   4.629, -75.467,  30.3,  2.4,,QUINDIO,SALENTO,4, 0.20,284,  8.1,  7.1,  4.4,Revisado
1999-04-18,06:08:58,   4.518, -75.558,  14.8,  1.8,,QUINDIO,CALARCA,3, 0.20,219,  2.0,  9.0,  7.3,Revisado
1999-04-19,03:48:30,   4.393, -75.699,   4.2,  2.8,,QUINDIO,CORDOBA,9, 0.70,115,  4.7,  8.1, 12.2,Revisado
1999-04-20,07:05:03,   4.491, -75.629,   2.1,  2.3,,QUINDIO,CALARCA,5, 0.40,183,  8.6, 13.5, 21.6,Revisado
1999-04-20,09:15:35,   4.468, -75.623,   1.8,  2.1,,QUINDIO,CALARCA,4, 0.10,226,  1.6,  2.3,  3.2,Revisado
1999-04-29,09:06:02,   4.525, -75.640,   0.5,  2.4,,QUINDIO,CALARCA,5, 0.50,183,  3.9,  6.2,  8.3,Revisado
1999-04-30,03:20:37,   4.285, -75.741,  20.0,  1.9,,QUINDIO,PIJAO,3, 0.10,244,  3.0,  6.6,  7.5,Revisado
1999-04-30,06:36:02,   4.256, -75.639, 166.0,  2.5,,QUINDIO,PIJAO,5, 0.70,157,  7.9, 19.1, 18.1,Revisado
1999-05-05,06:43:07,   4.436, -75.668,   7.8,  2.1,,QUINDIO,CORDOBA,4, 0.70,182,  4.8, 25.7, 30.3,Revisado
1999-05-05,22:05:13,   4.577, -75.658,   0.2,  2.4,,QUINDIO,CALARCA,5, 1.10,184, 12.3, 21.1, 41.6,Revisado
1999-05-07,22:47:50,   4.513, -75.665,   3.4,  2.5,,QUINDIO,CALARCA,4, 0.80,262, 10.5, 15.5, 19.9,Revisado
1999-05-10,05:18:54,   4.529, -75.690,   5.1,  2.1,,QUINDIO,ARMENIA,4, 0.60,180,  3.4, 20.0, 14.1,Revisado
1999-05-10,05:33:13,   4.496, -75.661,   6.0,  2.1,,QUINDIO,CALARCA,5, 0.30,184,  2.7,  8.4, 14.2,Revisado
1999-05-12,01:03:25,   4.427, -75.678,   6.7,  2.1,,QUINDIO,CORDOBA,5, 0.40,192,  4.7, 13.7,  9.8,Revisado
1999-05-13,03:30:01,   4.446, -75.695,   3.7,  2.3,,QUINDIO,CORDOBA,4, 0.90,195,  5.8, 31.6, 35.1,Revisado
1999-05-13,14:31:16,   4.516, -75.676,   3.9,  2.8,,QUINDIO,ARMENIA,7, 0.90,171,  9.8, 24.6, 10.9,Revisado
1999-05-15,14:08:20,   4.494, -75.667,   5.3,  2.6,,QUINDIO,CALARCA,6, 0.70,172,  6.7, 19.8,  7.0,Revisado
1999-05-16,03:44:26,   4.492, -75.664,   5.0,  2.6,,QUINDIO,CALARCA,7, 0.50,160,  3.8, 14.0, 19.2,Revisado
1999-05-16,06:13:23,   4.253, -75.798,   0.0,  2.9,,QUINDIO,GENOVA,5, 0.80,180, 15.0, 35.4, 27.3,Revisado
1999-05-16,06:50:03,   4.511, -75.668,   3.7,  3.1,,QUINDIO,CALARCA,11, 0.60,161,  5.1,  8.0, 17.0,Revisado
1999-05-16,12:15:27,   4.422, -75.685,   7.7,  2.3,,QUINDIO,CORDOBA,7, 0.80,185,  8.5, 32.8, 34.4,Revisado
1999-05-19,00:23:43,   4.504, -75.729,   3.6,  2.2,,QUINDIO,ARMENIA,6, 0.70,195,  8.1, 12.6, 24.2,Revisado
1999-05-20,04:15:40,   4.504, -75.592,   1.3,  2.1,,QUINDIO,CALARCA,4, 0.40,181,  3.9,  6.4, 13.6,Revisado
1999-05-20,04:49:38,   4.528, -75.644,   3.0,  2.6,,QUINDIO,CALARCA,6, 0.90,183,  7.2, 15.4, 22.5,Revisado
1999-05-22,16:27:13,   4.489, -75.665,   4.3,  2.3,,QUINDIO,CALARCA,5, 0.60,160,  3.3,  4.9, 10.9,Revisado
1999-05-23,05:47:41,   4.515, -75.678,   0.1,  3.0,,QUINDIO,ARMENIA,7, 0.60,153, 12.3, 15.5, 42.4,Revisado
1999-05-23,09:07:00,   4.449, -75.904,  10.0,  2.5,,QUINDIO,LA_TEBAIDA,5, 1.00,162, 13.2, 31.3, 48.5,Revisado
1999-05-23,20:48:08,   4.481, -75.690,   3.2,  2.3,,QUINDIO,ARMENIA,5, 0.40,150,  2.8,  9.5, 11.4,Revisado
1999-05-24,09:50:12,   4.401, -75.663,   2.1,  2.1,,QUINDIO,CORDOBA,5, 0.70,148,  5.7, 13.7, 18.8,Revisado
1999-05-24,11:05:12,   4.232, -75.532,   4.9,  2.2,,QUINDIO,PIJAO,5, 0.40,171,  3.3,  4.9,  8.1,Revisado
1999-05-25,05:49:27,   4.484, -75.684,   4.5,  2.1,,QUINDIO,ARMENIA,5, 0.60,148,  2.5,  8.8, 11.4,Revisado
1999-05-29,03:21:23,   4.698, -75.686, 140.0,  1.9,,QUINDIO,FILANDIA,4, 0.80,151,  5.1, 15.8, 34.1,Revisado
1999-06-03,09:47:06,   4.501, -75.665,   4.0,  2.5,,QUINDIO,CALARCA,4, 1.20,227, 18.3, 34.1, 52.9,Revisado
1999-06-14,00:24:42,   4.479, -75.664,   8.9,  2.3,,QUINDIO,CALARCA,5, 0.30,151,  3.5, 21.2, 26.8,Revisado
1999-06-15,07:08:23,   4.441, -75.628,  19.1,  2.0,,QUINDIO,CORDOBA,4, 0.40,149,  3.4, 15.8, 15.0,Revisado
1999-06-27,00:40:47,   4.484, -75.700,   5.8,  2.5,,QUINDIO,ARMENIA,4, 0.30,221,  4.3,  9.2, 11.8,Revisado
1999-06-27,17:39:47,   4.589, -75.622,  26.2,  2.6,,QUINDIO,CIRCASIA,4, 0.40,248, 13.8, 10.2,  9.9,Revisado
1999-06-29,01:58:30,   4.366, -75.613,   2.6,  3.7,,QUINDIO,CORDOBA,7, 1.30,185, 13.8, 22.0, 33.0,Revisado
1999-06-30,10:04:06,   4.499, -75.670,   3.9,  2.1,,QUINDIO,ARMENIA,5, 0.60,219,  8.1, 12.5, 21.4,Revisado
1999-07-03,06:56:28,   4.414, -75.643,   3.4,  2.5,,QUINDIO,CORDOBA,8, 1.20,151,  9.7, 12.0, 22.7,Revisado
1999-07-03,09:57:11,   4.387, -75.641,  14.0,  2.5,,QUINDIO,CORDOBA,5, 0.50,202,  6.4, 11.5, 14.0,Revisado
1999-07-03,18:30:48,   4.633, -75.533,  47.0,  2.7,,QUINDIO,SALENTO,4, 0.60,273, 12.5, 18.7, 16.0,Revisado
1999-07-13,16:13:36,   4.477, -75.660,   8.3,  2.6,,QUINDIO,CALARCA,4, 0.40,258, 12.9, 28.0, 32.9,Revisado
1999-07-20,09:18:53,   4.394, -75.704,   4.0,  2.4,,QUINDIO,CORDOBA,5, 0.80,152,  6.5,  8.3, 14.3,Revisado
1999-07-23,04:34:05,   4.408, -75.685,   4.0,  2.4,,QUINDIO,CORDOBA,5, 0.80,151, 13.4, 12.5, 16.2,Revisado
1999-07-25,17:20:47,   4.490, -75.665,   4.0,  2.4,,QUINDIO,CALARCA,4, 0.90,191,  7.6, 10.8, 16.2,Revisado
1999-07-29,23:24:01,   4.435, -75.739,   4.2,  2.4,,QUINDIO,CORDOBA,5, 1.20,154, 14.2, 24.6, 39.5,Revisado
1999-08-01,11:17:01,   4.507, -75.631,   0.0,  2.3,,QUINDIO,CALARCA,3, 0.40,277, 13.9,  8.6, 12.0,Revisado
1999-08-04,14:19:39,   4.601, -75.591,   0.0,  2.3,,QUINDIO,SALENTO,3, 1.00,269, 71.1, 82.2, 76.7,Revisado
1999-08-25,01:05:42,   4.436, -75.779,   1.5,  2.3,,QUINDIO,LA_TEBAIDA,4, 1.40,156, 14.2, 14.4, 21.6,Revisado
1999-08-28,21:05:18,   4.445, -75.724,   4.0,  2.4,,QUINDIO,CORDOBA,7, 0.90,154,  7.1, 14.1, 25.4,Revisado
1999-09-04,22:18:57,   4.434, -75.676,   4.0,  2.6,,QUINDIO,CORDOBA,6, 0.70,151,  5.9,  7.0, 12.5,Revisado
1999-09-05,08:41:49,   4.436, -75.643,   0.1,  2.3,,QUINDIO,CORDOBA,3, 0.10,228,  1.8,  3.1,  3.8,Revisado
1999-09-25,19:47:18,   4.446, -75.665,   4.0,  2.4,,QUINDIO,CORDOBA,5, 0.90,207, 11.1, 10.3, 15.4,Revisado
1999-10-08,09:50:39,   4.395, -75.709,   6.4,  2.3,,QUINDIO,CORDOBA,5, 0.70,207,  7.1,  8.1, 11.9,Revisado
1999-10-13,04:42:34,   4.326, -75.707,   4.0,  2.4,,QUINDIO,PIJAO,4, 1.80,200, 73.6, 53.3, 27.5,Revisado
1999-10-13,13:10:56,   4.313, -75.727,   4.0,  4.2,,QUINDIO,PIJAO,10, 1.50,106, 18.7, 19.2, 38.9,Revisado
1999-10-14,12:55:16,   4.489, -75.734,   0.0,  2.7,,QUINDIO,ARMENIA,4, 1.70,224, 80.3, 68.5, 60.2,Revisado
1999-10-21,15:50:43,   4.477, -75.719,   4.0,  3.7,,QUINDIO,ARMENIA,11, 1.10,106,  8.7,  9.2, 21.3,Revisado
1999-10-21,16:00:34,   4.421, -75.666,   4.0,  2.9,,QUINDIO,CORDOBA,6, 1.40,206, 30.5, 23.1, 34.9,Revisado
1999-10-22,00:46:20,   4.475, -75.708,   4.0,  3.7,,QUINDIO,ARMENIA,10, 1.10,105,  9.8,  8.6, 15.5,Revisado
1999-10-28,20:28:50,   4.465, -75.775,   4.0,  2.8,,QUINDIO,LA_TEBAIDA,5, 0.70,223, 25.8, 19.6, 17.1,Revisado
1999-11-02,22:52:07,   4.324, -75.658,   0.3,  2.5,,QUINDIO,PIJAO,4, 0.80,195, 18.1, 30.4, 21.9,Revisado
1999-11-09,15:31:22,   4.364, -75.729,   4.0,  3.6,,QUINDIO,BUENAVISTA,9, 1.60,195, 20.3, 22.4, 25.4,Revisado
1999-11-09,17:02:24,   4.447, -75.671,   4.0,  3.2,,QUINDIO,CORDOBA,6, 1.10,195, 19.3, 18.3, 23.4,Revisado
1999-11-22,21:15:06,   4.596, -75.782, 150.7,  2.6,,QUINDIO,QUIMBAYA,4, 0.50,119,  5.5,  8.2, 42.0,Revisado
1999-11-30,02:09:42,   4.546, -75.768,  32.1,  2.4,,QUINDIO,MONTENEGRO,7, 0.90,116,  7.3,  6.4, 31.3,Revisado
1999-12-13,16:07:04,   4.495, -75.679,   4.0,  2.5,,QUINDIO,ARMENIA,8, 0.90,110,  5.9,  7.2, 12.0,Revisado
1999-12-14,06:48:33,   4.542, -75.592,   0.0,  2.1,,QUINDIO,CALARCA,4, 0.50,181,  5.6,  5.5,  9.0,Revisado
2000-01-19,23:13:22,   4.511, -75.662,   4.4,  2.5,,QUINDIO,CALARCA,4, 0.60,187, 28.8, 14.5, 37.9,Revisado
2000-02-01,06:08:00,   4.613, -75.597,   2.5,  2.3,,QUINDIO,SALENTO,4, 0.80,182, 11.6, 14.8, 35.7,Revisado
2000-02-04,15:10:41,   4.469, -75.633,  11.9,  3.8,,QUINDIO,CALARCA,10, 1.00,111, 12.2, 12.7, 42.3,Revisado
2000-02-14,07:25:25,   4.544, -75.655,   1.4,  2.1,,QUINDIO,CALARCA,5, 0.90,111, 10.2,  7.9, 28.4,Revisado
2000-02-19,07:26:50,   4.638, -75.466,   0.0,  1.8,,QUINDIO,SALENTO,4, 1.00,174, 12.0, 24.5, 21.8,Revisado
2000-03-23,03:17:23,   4.628, -75.742, 156.3,  3.9,,QUINDIO,QUIMBAYA,9, 0.70,118,  8.4,  9.0, 16.4,Revisado
2000-04-10,23:10:46,   4.513, -75.677,   1.6,  2.7,,QUINDIO,ARMENIA,5, 1.00,111, 10.2,  8.9, 29.5,Revisado
2000-04-10,23:31:38,   4.529, -75.673,   0.0,  3.3,,QUINDIO,ARMENIA,6, 1.50,111, 13.1, 10.3, 31.5,Revisado
2000-04-23,02:25:43,   4.436, -75.872, 173.6,  4.2,,QUINDIO,LA_TEBAIDA,8, 1.00,117, 12.2, 12.4, 22.5,Revisado
2000-05-01,18:51:42,   4.526, -75.640,   0.8,  2.6,,QUINDIO,CALARCA,4, 1.00,168, 10.8,  6.2, 17.5,Revisado
2000-05-09,21:20:19,   4.590, -75.667,   1.7,  2.4,,QUINDIO,CIRCASIA,4, 1.30,164, 10.9,  6.4, 22.0,Revisado
2000-05-24,00:54:12,   4.441, -75.658,   0.6,  2.8,,QUINDIO,CORDOBA,3, 0.30,169, 17.7,  9.7, 34.4,Revisado
2000-06-04,15:23:17,   4.549, -75.631,   0.6,  1.7,,QUINDIO,CALARCA,4, 0.70,223,  5.8, 13.4, 18.8,Revisado
2000-06-10,04:55:08,   4.638, -75.650,   1.2,  2.8,,QUINDIO,CIRCASIA,6, 0.80,113, 11.0, 12.3, 37.5,Revisado
2000-06-14,01:26:25,   4.590, -75.593,  24.1,  3.0,,QUINDIO,SALENTO,4, 0.80,110,  2.2,  2.2,  8.8,Revisado
2000-06-24,00:35:40,   4.491, -75.554,  19.8,  2.6,,QUINDIO,CALARCA,3, 0.40,183,  2.9,  4.6, 13.6,Revisado
2000-06-29,14:50:02,   4.459, -75.596,   7.5,  3.4,,QUINDIO,CALARCA,7, 0.90,151,  9.4, 12.0, 36.8,Revisado
2000-07-12,00:35:22,   4.287, -75.760,  30.0,  2.7,,QUINDIO,PIJAO,3, 0.60,281, 10.7, 10.1, 47.3,Revisado
2000-07-22,01:36:54,   4.400, -75.827,  66.5,  2.2,,QUINDIO,LA_TEBAIDA,3, 0.20,225,  8.7, 26.1,  6.9,Revisado
2000-07-31,17:11:58,   4.459, -75.693,   0.0,  2.2,,QUINDIO,CORDOBA,3, 0.90,233,  7.5, 26.8, 36.4,Revisado
2000-08-01,05:27:12,   4.409, -75.601,  13.5,  2.2,,QUINDIO,CORDOBA,4, 0.90,230,  4.2, 11.8, 18.8,Revisado
2000-08-13,01:12:03,   4.680, -75.723, 150.0,  2.7,,QUINDIO,FILANDIA,4, 0.50,211,  8.3, 23.9, 21.8,Revisado
2000-08-14,16:28:17,   4.484, -75.635,   1.1,  3.0,,QUINDIO,CALARCA,4, 0.90,228, 21.7, 29.5, 56.4,Revisado
2000-08-14,17:09:39,   4.502, -75.680,   4.2,  2.4,,QUINDIO,ARMENIA,4, 0.60,229, 13.4, 23.1, 33.7,Revisado
2000-08-15,15:42:41,   4.460, -75.613,   6.1,  2.3,,QUINDIO,CALARCA,4, 0.50,226,  8.1, 13.7, 26.2,Revisado
2000-08-17,08:36:09,   4.501, -75.644,   8.7,  1.9,,QUINDIO,CALARCA,3, 0.10,226,  2.6,  9.1, 13.2,Revisado
2000-08-20,03:48:51,   4.541, -75.645,   1.0,  2.6,,QUINDIO,CALARCA,5, 1.20,232, 17.2, 25.9, 43.0,Revisado
2000-08-26,21:41:50,   4.509, -75.629,  16.1,  2.2,,QUINDIO,CALARCA,4, 0.40,228,  4.3, 14.3, 20.3,Revisado
2000-09-04,22:47:12,   4.494, -75.666,   3.1,  2.3,,QUINDIO,CALARCA,4, 0.80,228,  3.7, 16.1, 19.3,Revisado
2000-09-10,23:11:08,   4.459, -75.669,   3.7,  3.0,,QUINDIO,CORDOBA,4, 0.90,229, 12.5, 19.5, 32.9,Revisado
2000-09-12,02:41:11,   4.432, -75.778,   3.0,  2.4,,QUINDIO,LA_TEBAIDA,4, 2.90,230,  4.3, 18.0, 18.2,Revisado
2000-09-12,19:33:01,   4.527, -75.681,   6.8,  2.4,,QUINDIO,ARMENIA,4, 0.90,228,  6.2, 18.5, 25.7,Revisado
2000-09-14,09:12:43,   4.522, -75.648,  17.9,  2.2,,QUINDIO,CALARCA,4, 0.30,141,  2.5,  4.5, 12.3,Revisado
2000-09-14,09:18:39,   4.527, -75.711,   4.3,  2.4,,QUINDIO,ARMENIA,4, 0.60,164, 14.5, 21.1, 36.7,Revisado
2000-09-17,05:08:41,   4.598, -75.866,  21.8,  2.3,,QUINDIO,QUIMBAYA,5, 0.90,245, 10.1, 19.9, 16.4,Revisado
2000-09-24,16:42:37,   4.501, -75.634,   1.5,  2.2,,QUINDIO,CALARCA,4, 0.70,226,  2.3,  3.7,  7.1,Revisado
2000-10-27,17:29:03,   4.490, -75.599, 188.1,  2.9,,QUINDIO,CALARCA,4, 0.80,163,  5.2, 15.5, 16.6,Revisado
2001-01-17,02:56:28,   4.405, -75.616,   7.3,  2.8,,QUINDIO,CORDOBA,3, 0.60,279, 14.1, 10.6, 16.9,Revisado
2001-01-17,05:31:21,   4.313, -75.582,  10.5,  1.9,,QUINDIO,PIJAO,3, 0.60,281, 17.1, 15.3, 14.4,Revisado
2001-02-04,18:49:37,   4.492, -75.605,  10.7,  2.1,,QUINDIO,CALARCA,3, 0.50,276, 21.7, 14.1,  8.2,Revisado
2001-02-23,07:35:14,   4.575, -75.679,   0.0,  2.4,,QUINDIO,ARMENIA,3, 1.40,276, 90.2, 74.7, 73.8,Revisado
2001-02-23,07:42:34,   4.629, -75.606,   0.0,  2.2,,QUINDIO,SALENTO,3, 1.20,264, 88.6,  8.6,  3.0,Revisado
2001-02-28,03:55:20,   4.561, -75.795, 161.0,  2.8,,QUINDIO,MONTENEGRO,4, 0.20,231,  6.6,  5.2,  9.4,Revisado
2001-03-07,03:51:57,   4.579, -75.502,   0.0,  2.6,,QUINDIO,SALENTO,4, 1.00,303, 67.2, 34.0, 18.1,Revisado
2001-03-16,14:49:06,   4.047, -75.877, 205.4,  4.1,,QUINDIO,GENOVA,7, 1.00,123, 18.6, 13.5, 24.9,Revisado
2001-04-03,03:09:41,   4.486, -75.738,   0.0,  2.9,,QUINDIO,LA_TEBAIDA,6, 1.30,233, 12.9, 19.5, 23.2,Revisado
2001-04-05,22:09:20,   4.634, -75.830, 129.9,  2.4,,QUINDIO,QUIMBAYA,4, 0.40,235,  7.4, 20.1,  9.7,Revisado
2001-04-19,08:54:10,   4.498, -75.680,   4.0,  2.0,,QUINDIO,ARMENIA,4, 0.80,229,  9.7, 18.2, 15.3,Revisado
2001-04-19,22:20:20,   4.288, -75.618, 198.8,  2.6,,QUINDIO,PIJAO,5, 0.90,189, 21.5, 36.8, 23.4,Revisado
2001-04-28,00:11:36,   4.422, -75.660,  22.3,  2.9,,QUINDIO,CORDOBA,5, 0.90,152,  8.4, 22.9, 29.1,Revisado
2001-06-01,17:33:36,   4.483, -75.787,   0.0,  3.4,,QUINDIO,LA_TEBAIDA,6, 1.20,124, 27.4, 21.0, 28.3,Revisado
2001-06-25,01:23:20,   4.371, -75.695, 180.0,  2.6,,QUINDIO,CORDOBA,5, 0.60,128,  8.0,  7.8, 16.4,Revisado
2001-07-08,07:22:58,   4.543, -75.787, 158.0,  2.2,,QUINDIO,MONTENEGRO,3, 0.10,234,  8.6, 29.1,  9.1,Revisado
2001-08-09,11:25:18,   4.448, -75.589,  58.5,  2.2,,QUINDIO,CALARCA,3, 0.30,224, 14.6, 42.4, 15.8,Revisado
2001-09-09,03:51:22,   4.358, -75.611,   0.1,  2.3,,QUINDIO,CORDOBA,4, 0.40,229,  5.4, 10.2, 17.4,Revisado
2001-09-24,09:21:32,   4.468, -75.724,   3.5,  2.6,,QUINDIO,CORDOBA,9, 0.60,106,  5.8,  5.8, 23.2,Revisado
2002-02-18,11:19:26,   4.429, -75.613,   2.0,  2.2,,QUINDIO,CORDOBA,5, 1.10,182,  6.0, 10.9, 16.9,Revisado
2002-03-07,21:25:43,   4.440, -75.665,   4.0,  2.8,,QUINDIO,CORDOBA,5, 0.80,184,  9.8, 17.9, 24.9,Revisado
2002-04-06,22:03:39,   4.567, -75.690, 166.0,  4.1,,QUINDIO,ARMENIA,11, 0.80,64,  6.7,  7.2, 15.1,Revisado
2002-04-21,08:50:35,   4.451, -75.745,  64.2,  1.9,,QUINDIO,LA_TEBAIDA,3, 0.40,253, 22.1, 17.4, 46.2,Revisado
2002-05-18,07:44:30,   4.604, -75.586, 164.9,  2.6,,QUINDIO,SALENTO,7, 0.70,181, 14.6, 24.3, 22.3,Revisado
2002-05-30,08:59:22,   4.470, -75.643,   0.0,  2.5,,QUINDIO,CALARCA,5, 0.90,183,  7.4, 11.1, 20.3,Revisado
2002-06-10,22:12:58,   4.626, -75.385,   0.0,  2.2,,QUINDIO,SALENTO,6, 1.00,170, 12.2, 20.6, 12.5,Revisado
2002-09-12,18:36:07,   4.595, -75.735,   0.0,  2.9,,QUINDIO,QUIMBAYA,7, 1.20,116, 17.0, 10.6, 29.8,Revisado
2002-11-17,10:06:42,   4.193, -75.821,   0.0,  2.5,,QUINDIO,GENOVA,4, 1.10,235, 13.3, 41.1, 41.7,Revisado
2002-11-25,22:39:44,   4.405, -75.682,   0.0,  3.2,,QUINDIO,CORDOBA,9, 1.10,162,  8.5, 10.4, 20.0,Revisado
2002-11-28,06:10:05,   4.416, -75.766, 104.0,  1.8,,QUINDIO,LA_TEBAIDA,3, 0.30,237, 13.2, 36.0, 15.8,Revisado
2003-01-26,00:28:40,   4.280, -75.571,   0.0,  2.1,,QUINDIO,PIJAO,4, 0.40,216,  4.1,  9.5, 11.5,Revisado
2003-02-24,16:31:41,   4.061, -75.831,  64.6,  2.9,,QUINDIO,GENOVA,5, 1.40,213, 33.3, 48.9, 18.1,Revisado
2003-03-05,05:20:32,   4.501, -75.588,   0.0,  2.2,,QUINDIO,CALARCA,4, 1.10,250, 19.1, 41.2, 39.1,Revisado
2003-03-09,05:03:13,   4.095, -75.883, 194.7,  2.9,,QUINDIO,GENOVA,9, 0.60,114,  5.1,  6.6,  9.1,Revisado
2003-05-19,18:35:46,   4.214, -75.773, 191.6,  3.9,,QUINDIO,GENOVA,8, 0.90,145, 11.0, 10.9, 18.6,Revisado
2003-06-27,11:39:49,   4.530, -75.736,   4.0,  2.8,,QUINDIO,ARMENIA,6, 1.00,165, 11.3, 10.7, 18.3,Revisado
2003-08-05,09:40:51,   4.475, -75.785, 174.0,  3.3,,QUINDIO,LA_TEBAIDA,12, 1.10,92,  7.1,  7.1, 15.7,Revisado
2003-09-26,21:44:27,   4.101, -75.740,   0.0,  2.3,,QUINDIO,GENOVA,4, 0.10,151,  1.9,  1.8,  5.1,Revisado
2003-10-21,07:07:30,   4.294, -75.605,   3.8,  1.9,,QUINDIO,PIJAO,7, 1.50,101, 17.2, 18.8, 44.4,Revisado
2003-10-24,10:41:55,   4.773, -75.485,   3.6,  1.7,,QUINDIO,SALENTO,4, 0.90,206, 14.5, 42.8, 36.6,Revisado
2003-11-05,04:21:50,   4.467, -75.727,   3.9,  2.8,,QUINDIO,LA_TEBAIDA,10, 1.30,76, 11.4, 14.9, 26.6,Revisado
2003-11-10,13:58:40,   4.744, -75.575, 127.0,  2.4,,QUINDIO,SALENTO,5, 0.50,113,  5.6,  6.1, 23.8,Revisado
2003-11-26,00:36:47,   4.694, -75.588, 146.1,  3.3,,QUINDIO,SALENTO,9, 0.60,144,  8.1,  7.1, 13.8,Revisado
2004-01-20,01:53:36,   4.743, -75.686,   4.0,  2.2,,QUINDIO,FILANDIA,6, 0.30,119,  4.7,  6.7, 11.7,Revisado
2004-03-14,17:08:43,   4.463, -75.858, 168.7,  2.6,,QUINDIO,LA_TEBAIDA,7, 0.50,117,  8.1,  6.0,  9.9,Revisado
2004-04-03,05:01:38,   4.490, -75.759,   0.0,  2.4,,QUINDIO,LA_TEBAIDA,6, 1.00,114, 11.4, 10.9, 17.2,Revisado
2004-04-15,03:27:46,   4.525, -75.654,   1.7,  2.5,,QUINDIO,CALARCA,5, 1.00,185, 13.5,  8.7, 21.4,Revisado
2004-04-17,16:42:27,   4.455, -75.839, 151.2,  1.9,,QUINDIO,LA_TEBAIDA,4, 0.20,125,  4.4,  6.6,  9.9,Revisado
2004-04-19,09:04:45,   4.495, -75.732,   4.0,  2.9,,QUINDIO,ARMENIA,13, 1.20,113,  7.5,  7.9,  8.4,Revisado
2004-04-19,09:20:58,   4.471, -75.726,   0.0,  1.7,,QUINDIO,LA_TEBAIDA,4, 0.50,223,  7.0,  5.2,  5.1,Revisado
2004-04-19,09:34:59,   4.476, -75.724,   0.0,  1.6,,QUINDIO,ARMENIA,4, 0.40,224,  6.1,  4.5,  4.4,Revisado
2004-04-19,11:54:46,   4.539, -75.569,  20.1,  1.7,,QUINDIO,CALARCA,4, 1.10,210, 28.6, 19.0, 19.9,Revisado
2004-04-19,19:19:18,   4.484, -75.709,   2.5,  2.4,,QUINDIO,ARMENIA,7, 1.00,111,  7.3,  6.8,  7.7,Revisado
2004-04-19,23:53:20,   4.478, -75.719,   4.1,  2.5,,QUINDIO,ARMENIA,7, 1.20,121, 10.7, 12.9, 24.1,Revisado
2004-04-20,03:06:26,   4.478, -75.730,   0.0,  1.8,,QUINDIO,ARMENIA,4, 0.70,226, 13.6,  9.0,  9.3,Revisado
2004-04-20,06:48:26,   4.486, -75.735,   0.0,  2.1,,QUINDIO,ARMENIA,6, 0.60,161,  6.4,  5.1,  6.4,Revisado
2004-04-20,06:50:49,   4.511, -75.715,   4.4,  1.6,,QUINDIO,ARMENIA,4, 0.50,231,  5.5, 10.2, 19.8,Revisado
2004-04-20,10:32:33,   4.522, -75.693,   0.1,  2.3,,QUINDIO,ARMENIA,6, 1.10,117, 11.6,  9.3, 26.3,Revisado
2004-05-10,19:37:01,   4.567, -75.606, 165.3,  2.8,,QUINDIO,CALARCA,4, 0.30,112,  6.7,  9.7, 16.0,Revisado
2004-06-10,16:49:58,   4.525, -75.842, 150.1,  2.6,,QUINDIO,MONTENEGRO,4, 0.50,120,  7.4, 14.9, 27.9,Revisado
2004-07-04,04:03:22,   4.429, -75.614,   2.0,  2.2,,QUINDIO,CORDOBA,5, 0.70,182,  5.0,  7.8, 12.6,Revisado
2004-09-01,09:05:07,   4.613, -75.754, 142.0,  2.2,,QUINDIO,QUIMBAYA,4, 0.50,190,  9.5, 34.3, 25.1,Revisado
2004-09-03,08:14:59,   4.560, -75.736, 151.2,  2.5,,QUINDIO,MONTENEGRO,8, 0.70,166,  5.7, 12.4, 17.6,Revisado
2004-11-01,04:22:36,   4.258, -75.776,  41.6,  2.3,,QUINDIO,GENOVA,4, 0.30,236,  6.0, 10.2, 15.4,Revisado
2005-01-01,08:13:44,   4.694, -75.578,   4.0,  2.0,,QUINDIO,SALENTO,6, 1.80,180, 31.3, 51.5, 53.2,Revisado
2005-02-18,03:52:29,   4.333, -75.655,   3.3,  1.8,,QUINDIO,PIJAO,6, 1.30,129, 16.0, 14.2, 53.1,Revisado
2005-05-21,08:37:20,   4.640, -75.702, 148.0,  3.9,,QUINDIO,FILANDIA,12, 0.70,65,  6.7,  7.4, 17.2,Revisado
2005-06-22,08:07:54,   4.430, -75.707,   1.7,  4.1,,QUINDIO,CORDOBA,14, 1.20,62, 10.2,  9.2, 26.8,Revisado
2005-06-22,14:25:23,   4.430, -75.691,   0.6,  2.9,,QUINDIO,CORDOBA,7, 1.00,109, 11.8, 11.5, 28.4,Revisado
2005-08-21,01:27:58,   4.508, -75.635,  13.5,  2.1,,QUINDIO,CALARCA,4, 0.10,225,  1.8,  4.9,  5.4,Revisado
2005-11-21,02:48:40,   4.427, -75.632,   1.7,  2.4,,QUINDIO,CORDOBA,6, 0.60,106,  4.9,  4.5, 11.7,Revisado
2005-12-15,02:06:24,   4.418, -75.875, 162.0,  2.5,,QUINDIO,LA_TEBAIDA,5, 0.30,244,  5.6, 11.2,  7.6,Revisado
2005-12-29,03:01:25,   4.654, -75.650, 144.0,  1.8,,QUINDIO,FILANDIA,5, 0.60,114,  8.5, 11.7, 29.1,Revisado
2006-02-05,07:02:50,   4.051, -75.920,   3.9,  2.3,,QUINDIO,GENOVA,5, 0.40,196,  3.2,  6.7,  8.5,Revisado
2006-04-02,00:43:17,   4.564, -75.617,   4.0,  2.5,,QUINDIO,CALARCA,4, 0.50,182,  4.6,  8.8, 14.8,Revisado
2006-06-12,22:19:10,   4.243, -75.878, 180.0,  3.2,,QUINDIO,GENOVA,11, 0.70,82,  9.3,  8.7, 19.1,Revisado
2006-07-02,07:26:48,   4.422, -75.676,   8.1,  2.9,,QUINDIO,CORDOBA,7, 0.60,108,  5.3, 11.7, 19.8,Revisado
2006-08-05,01:44:39,   4.505, -75.656,   2.8,  2.0,,QUINDIO,CALARCA,5, 0.40,184,  3.2,  4.9,  7.5,Revisado
2006-08-23,06:53:11,   4.485, -75.701,   4.1,  2.1,,QUINDIO,ARMENIA,4, 0.50,231,  6.3, 10.1, 21.1,Revisado
2006-10-27,12:47:57,   4.338, -75.614,   1.2,  4.0,,QUINDIO,PIJAO,7, 0.90,156,  6.9,  9.7, 16.8,Revisado
2006-11-15,00:40:49,   4.549, -75.581,   0.0,  2.3,,QUINDIO,CALARCA,16, 0.60,180,  3.5,  6.7,  4.9,Revisado
2006-11-23,03:21:48,   4.458, -75.624,   8.3,  2.4,,QUINDIO,CALARCA,5, 0.20,107,  1.8,  4.3,  9.1,Revisado
2007-01-11,00:14:29,   4.517, -75.647,   3.2,  2.7,,QUINDIO,CALARCA,8, 0.70,110,  9.5,  9.1, 18.5,Revisado
2007-01-19,03:16:28,   4.644, -75.398,   0.0,  3.8,,QUINDIO,SALENTO,13, 1.20,103,  7.5, 12.4, 10.5,Revisado
2007-02-17,07:05:29,   4.766, -75.399,   4.0,  1.7,,QUINDIO,SALENTO,6, 0.80,170,  5.4, 12.6, 16.0,Revisado
2007-03-14,18:26:09,   4.694, -75.649, 133.6,  2.7,,QUINDIO,FILANDIA,7, 0.50,161,  7.5, 14.6, 19.5,Revisado
2007-04-12,04:28:25,   4.519, -75.667,   2.0,  2.7,,QUINDIO,CALARCA,7, 0.70,185,  4.6,  6.1, 10.5,Revisado
2007-04-12,04:43:53,   4.503, -75.535,   0.0,  2.1,,QUINDIO,CALARCA,6, 0.90,178, 10.0, 11.4, 10.0,Revisado
2007-04-25,19:44:07,   4.445, -75.628,   4.7,  2.4,,QUINDIO,CORDOBA,11, 0.40,252,  3.6, 11.9, 27.9,Revisado
2007-05-15,22:13:55,   4.427, -75.624,   4.0,  3.2,,QUINDIO,CORDOBA,8, 1.00,151,  9.5, 10.1, 19.0,Revisado
2007-08-29,05:58:21,   4.426, -75.639,  10.6,  2.4,,QUINDIO,CORDOBA,4, 0.60,242,  7.0, 13.6, 21.1,Revisado
2007-11-01,00:21:26,   4.603, -75.643,   0.0,  2.2,,QUINDIO,CIRCASIA,4, 0.80,184, 13.6, 12.7, 19.2,Revisado
2007-11-01,00:55:48,   4.538, -75.653,   1.7,  2.2,,QUINDIO,CALARCA,5, 0.50,166, 13.8,  5.8, 13.3,Revisado
2007-11-10,23:12:58,   4.753, -75.667, 135.1,  1.8,,QUINDIO,FILANDIA,4, 0.10,130,  6.4,  4.7, 13.1,Revisado
2008-03-31,23:15:24,   4.630, -75.876,  32.1,  4.4,,QUINDIO,QUIMBAYA,15, 0.70,108,  6.8,  5.9, 66.1,Revisado
2008-04-03,17:36:50,   4.591, -75.399,  50.7,  2.4,,QUINDIO,SALENTO,4, 0.80,168, 14.6, 80.6, 16.5,Revisado
2008-05-10,23:56:52,   4.480, -75.885,   0.0,  2.9,,QUINDIO,LA_TEBAIDA,4, 0.30,246,  5.6,  8.3, 10.7,Revisado
2008-07-01,11:24:50,   4.399, -75.658,   0.0,  2.3,,QUINDIO,CORDOBA,5, 0.30,169,  3.2,  4.1,  7.1,Revisado
2008-09-22,20:32:29,   4.159, -75.836, 129.3,  2.7,,QUINDIO,GENOVA,5, 0.70,129, 11.0,  9.6, 37.6,Revisado
2009-01-08,21:42:43,   4.598, -75.625,   1.5,  2.8,,QUINDIO,CIRCASIA,7, 0.50,169,  3.3,  4.6,  8.0,Revisado
2009-02-10,04:49:51,   4.455, -75.709,  62.3,  1.1,,QUINDIO,CORDOBA,6, 0.50,173,  6.9, 30.7, 27.8,Revisado
2009-02-24,11:17:18,   4.657, -75.455, 160.0,  3.4,,QUINDIO,SALENTO,16, 0.60,81,  4.0,  5.1,  8.3,Revisado
2009-03-18,05:26:08,   4.536, -75.825,  13.6,  1.2,,QUINDIO,MONTENEGRO,7, 0.50,182,  4.9, 13.9, 22.7,Revisado
2009-03-20,02:47:05,   4.472, -75.576,  18.4,  2.2,,QUINDIO,CALARCA,5, 0.60,191,  5.8, 14.4, 14.7,Revisado
2009-03-22,05:32:33,   4.451, -75.648,   1.1,  1.8,,QUINDIO,CORDOBA,5, 0.10,199,  1.4,  3.4,  4.3,Revisado
2009-03-23,19:55:34,   4.632, -75.618,   5.9,  3.7,,QUINDIO,CIRCASIA,13, 0.50,169,  2.9,  7.5, 12.5,Revisado
2009-03-31,14:06:04,   4.432, -75.714, 164.7,  2.4,,QUINDIO,CORDOBA,5, 0.50,206,  8.5, 16.3, 12.2,Revisado
2009-04-05,07:46:06,   4.529, -75.575,  20.0,  1.9,,QUINDIO,CALARCA,4, 0.10,195,  6.3, 17.3, 21.2,Revisado
2009-05-19,06:46:57,   4.593, -75.750, 149.0,  1.7,,QUINDIO,QUIMBAYA,5, 0.30,223,  4.8,  8.3,  7.9,Revisado
2009-05-23,06:12:45,   4.470, -75.626,   0.4,  1.0,,QUINDIO,CALARCA,4, 0.10,258,  1.9,  4.3,  4.8,Revisado
2009-06-08,22:02:45,   4.466, -75.644,   1.5,  1.3,,QUINDIO,CALARCA,4, 0.20,260,  2.6,  6.4,  7.8,Revisado
2009-06-12,02:03:00,   4.436, -75.853, 150.7,  2.0,,QUINDIO,LA_TEBAIDA,7, 0.50,147,  8.2, 10.2, 12.9,Revisado
2009-06-23,03:58:18,   4.020, -75.858, 177.6,  2.2,,QUINDIO,GENOVA,9, 0.40,186,  5.2,  9.1,  8.4,Revisado
2009-07-15,16:07:14,   4.481, -75.835,  65.6,  1.8,,QUINDIO,LA_TEBAIDA,4, 0.40,222,  5.5, 10.2, 18.0,Revisado
2009-07-23,21:37:35,   4.553, -75.831,  23.6,  1.5,,QUINDIO,MONTENEGRO,4, 0.10,227,  3.5,  3.4,  4.2,Revisado
2009-07-31,18:16:49,   4.559, -75.492,   8.8,  1.1,,QUINDIO,SALENTO,4, 0.10,184,  1.6,  8.8,  8.4,Revisado
2009-08-25,17:46:30,   4.524, -75.696,  17.8,  1.8,,QUINDIO,ARMENIA,5, 0.50,211,  6.1, 19.4, 26.1,Revisado
2009-08-27,04:40:23,   4.598, -75.755,  32.2,  2.1,,QUINDIO,QUIMBAYA,5, 0.40,224,  6.5,  8.2,  7.3,Revisado
2009-08-28,20:20:56,   4.571, -75.848,  21.4,  2.5,,QUINDIO,MONTENEGRO,5, 0.30,210,  4.1,  7.2,  7.5,Revisado
2009-09-04,04:58:33,   4.751, -75.644, 145.7,  2.3,,QUINDIO,FILANDIA,6, 0.40,172,  5.4, 11.4,  9.7,Revisado
2009-09-17,21:19:25,   4.625, -75.720, 153.8,  1.9,,QUINDIO,QUIMBAYA,6, 0.50,176,  4.5, 11.2, 11.3,Revisado
2009-11-19,01:20:35,   4.495, -75.775,   0.0,  1.0,,QUINDIO,LA_TEBAIDA,5, 0.40,237,  6.9, 12.6, 18.6,Revisado
2009-11-23,17:44:38,   4.503, -75.677,   7.1,  3.0,,QUINDIO,ARMENIA,9, 0.50,158,  3.5,  9.2, 15.0,Revisado
2009-12-16,05:34:20,   4.620, -75.787, 140.1,  1.7,,QUINDIO,QUIMBAYA,5, 0.40,166,  4.4,  9.9, 17.4,Revisado
2009-12-31,06:56:51,   4.514, -75.867, 149.7,  3.0,,QUINDIO,LA_TEBAIDA,14, 0.50,73,  4.4,  5.5,  6.2,Revisado
2010-01-01,14:18:09,   4.453, -75.608,   0.8,  1.3,,QUINDIO,CALARCA,4, 0.20,255,  2.4,  3.3,  2.4,Revisado
2010-01-11,18:48:36,   4.301, -75.760, 180.0,  4.7,,QUINDIO,PIJAO,24, 0.50,60,  2.7,  3.8,  4.9,Revisado
2010-01-15,03:31:46,   4.467, -75.610,   0.0,  1.4,,QUINDIO,CALARCA,4, 0.20,255,  1.8,  2.8,  2.2,Revisado
2010-02-03,05:57:45,   4.468, -75.595,  11.7,  1.7,,QUINDIO,CALARCA,5, 0.10,134,  2.4,  7.4, 16.0,Revisado
2010-02-09,08:52:07,   4.541, -75.595,   0.0,  0.9,,QUINDIO,CALARCA,4, 0.20,255,  2.0,  4.4,  3.0,Revisado
2010-02-16,13:50:13,   4.538, -75.816,   0.0,  1.2,,QUINDIO,MONTENEGRO,4, 0.30,281,  3.6, 14.2, 14.3,Revisado
2010-02-19,11:01:58,   4.316, -75.751, 170.3,  2.2,,QUINDIO,PIJAO,6, 0.40,226, 11.1, 30.5, 13.1,Revisado
2010-02-21,00:12:49,   4.746, -75.543,  84.5,  1.1,,QUINDIO,SALENTO,4, 0.20,261, 11.4, 27.6, 13.0,Revisado
2010-02-21,10:56:02,   4.643, -75.627, 152.9,  2.5,,QUINDIO,CIRCASIA,10, 0.50,140,  4.7,  8.5,  8.7,Revisado
2010-02-22,23:40:46,   4.683, -75.598,  28.0,  1.2,,QUINDIO,SALENTO,4, 0.50,265,  9.6, 21.1,  8.5,Revisado
2010-03-07,21:18:52,   4.559, -75.631, 151.0,  2.3,,QUINDIO,CALARCA,11, 0.50,94,  6.5, 12.0, 11.2,Revisado
2010-03-17,14:02:07,   4.460, -75.609,   0.0,  0.8,,QUINDIO,CALARCA,4, 0.20,255,  2.4,  3.1,  2.3,Revisado
2010-03-17,15:10:48,   4.470, -75.611,   0.0,  0.8,,QUINDIO,CALARCA,4, 0.10,255,  2.2,  2.9,  2.8,Revisado
2010-03-17,15:37:39,   4.467, -75.608,   0.0,  0.6,,QUINDIO,CALARCA,4, 0.20,255,  1.9,  3.0,  2.4,Revisado
2010-03-25,22:10:25,   3.992, -75.958,  14.6,  1.9,,QUINDIO,GENOVA,6, 0.30,123,  9.4, 10.6, 28.1,Revisado
2010-04-27,09:47:39,   4.251, -75.627,   0.3,  2.0,,QUINDIO,PIJAO,6, 0.30,121,  2.5,  5.0,  7.0,Revisado
2010-04-30,11:30:31,   4.163, -75.817, 164.4,  1.5,,QUINDIO,GENOVA,5, 0.30,191,  5.1,  8.8,  9.9,Revisado
2010-05-22,07:54:07,   4.620, -75.874,  19.4,  2.7,,QUINDIO,QUIMBAYA,12, 0.40,69,  2.2,  3.5,  4.3,Revisado
2010-05-29,18:50:43,   4.118, -75.932, 156.9,  1.6,,QUINDIO,GENOVA,6, 0.30,142,  5.6, 11.2, 10.2,Revisado
2010-05-31,04:29:54,   4.547, -75.847, 105.0,  1.5,,QUINDIO,MONTENEGRO,5, 0.30,153,  7.9, 11.7, 14.1,Revisado
2010-06-26,10:24:32,   4.654, -75.448,   0.0,  1.3,,QUINDIO,SALENTO,4, 0.20,208,  2.1,  5.2,  3.7,Revisado
2010-06-28,02:31:34,   4.207, -75.715, 180.0,  1.6,,QUINDIO,GENOVA,5, 0.40,143,  8.5, 14.3, 13.8,Revisado
2010-07-12,11:29:04,   4.642, -75.678, 148.8,  1.9,,QUINDIO,CIRCASIA,7, 0.60,116,  7.6, 14.3, 15.0,Revisado
2010-07-15,02:38:40,   4.443, -75.639,  14.0,  1.1,,QUINDIO,CORDOBA,4, 0.10,259,  2.2,  6.3, 11.9,Revisado
2010-07-26,04:40:23,   4.686, -75.546, 144.8,  2.6,,QUINDIO,SALENTO,16, 0.60,95,  5.3,  7.6,  8.3,Revisado
2010-08-13,00:15:00,   4.471, -75.611,  15.3,  1.6,,QUINDIO,CALARCA,5, 0.20,242,  2.7,  9.2, 14.6,Revisado
2010-10-25,07:26:22,   4.737, -75.612,   0.0,  1.1,,QUINDIO,FILANDIA,4, 0.30,274,  3.7, 18.7, 19.5,Revisado
2010-11-06,06:40:43,   4.092, -75.738,   4.5,  1.2,,QUINDIO,GENOVA,5, 0.50,150,  4.2,  5.2,  9.9,Revisado
2010-11-29,15:58:06,   4.631, -75.844,  15.4,  1.2,,QUINDIO,QUIMBAYA,4, 0.30,265,  4.5,  5.9,  7.8,Revisado
2010-12-18,11:33:39,   4.472, -75.740,   4.0,  1.6,,QUINDIO,LA_TEBAIDA,5, 0.50,181,  4.9,  5.3, 10.6,Revisado
2011-02-01,17:11:40,   4.620, -75.831,  26.8,  1.5,,QUINDIO,QUIMBAYA,4, 0.20,191,  4.1,  5.5,  7.5,Revisado
2011-02-18,05:20:56,   4.420, -75.880, 127.2,  1.8,,QUINDIO,LA_TEBAIDA,5, 0.50,151,  9.0, 16.1, 23.9,Revisado
2011-03-23,13:20:03,   4.406, -75.738,   8.6,  2.2,,QUINDIO,CORDOBA,6, 0.60,173,  4.7,  7.4, 14.9,Revisado
2011-04-06,00:57:18,   4.610, -75.759, 141.8,  1.9,,QUINDIO,QUIMBAYA,11, 0.30,119,  3.4,  5.5,  6.2,Revisado
2011-06-14,21:12:55,   4.517, -75.623,   0.0,  1.6,,QUINDIO,CALARCA,4, 0.10,258,  1.6,  2.3,  1.8,Revisado
2011-07-02,08:04:13,   4.506, -75.607,   4.0,  2.3,,QUINDIO,CALARCA,8, 0.40,154,  2.3,  4.1,  7.1,Revisado
2011-07-08,17:18:07,   4.652, -75.672, 136.0,  2.1,,QUINDIO,FILANDIA,5, 0.30,116,  3.0,  6.9, 12.4,Revisado
2011-08-11,05:55:23,   4.540, -75.541,  15.6,  1.7,,QUINDIO,SALENTO,4, 0.30,247,  2.3,  8.2,  7.6,Revisado
2011-08-19,04:23:08,   4.496, -75.652,   3.1,  1.2,,QUINDIO,CALARCA,4, 0.10,262,  1.5,  5.1,  4.7,Revisado
2011-08-26,04:50:28,   4.517, -75.595,   1.3,  1.0,,QUINDIO,CALARCA,4, 0.40,255,  4.1,  5.5,  4.1,Revisado
2011-08-26,05:25:56,   4.506, -75.620,   0.0,  0.7,,QUINDIO,CALARCA,4, 0.20,258,  1.9,  3.6,  2.6,Revisado
2011-08-26,06:32:56,   4.522, -75.586,   1.6,  1.0,,QUINDIO,CALARCA,4, 0.40,253,  3.7,  9.4, 11.2,Revisado
2011-08-26,06:46:02,   4.540, -75.617,   3.3,  1.1,,QUINDIO,CALARCA,4, 0.20,258,  2.0,  6.3,  6.6,Revisado
2011-08-26,08:03:16,   4.521, -75.608,   0.8,  0.9,,QUINDIO,CALARCA,4, 0.20,257,  1.8,  5.1,  5.6,Revisado
2011-08-28,13:07:18,   4.483, -75.629,   0.0,  1.8,,QUINDIO,CALARCA,4, 0.30,258,  3.0,  5.3,  4.1,Revisado
2011-09-07,19:40:43,   4.576, -75.531,   0.1,  1.2,,QUINDIO,SALENTO,4, 0.20,247,  1.8,  3.4,  2.7,Revisado
2011-09-09,08:50:26,   4.502, -75.562,   2.1,  2.1,,QUINDIO,CALARCA,5, 0.30,179,  2.2,  5.4,  3.2,Revisado
2011-09-14,16:02:35,   4.099, -75.920,   4.0,  2.1,,QUINDIO,GENOVA,5, 0.40,167, 23.9, 19.7, 20.4,Revisado
2011-10-13,11:55:58,   4.514, -75.787, 149.4,  3.0,,QUINDIO,MONTENEGRO,12, 0.40,150,  4.1,  5.9,  6.4,Revisado
2011-10-15,18:57:16,   4.450, -75.643,   2.0,  1.2,,QUINDIO,CORDOBA,4, 0.20,259,  1.7,  5.4,  5.9,Revisado
2011-10-31,11:22:24,   4.442, -75.620,   0.3,  1.2,,QUINDIO,CORDOBA,4, 0.20,256,  2.0,  5.8,  6.8,Revisado
2011-11-13,07:57:13,   4.440, -75.658,   8.0,  2.6,,QUINDIO,CORDOBA,6, 0.20,98,  2.0,  1.8, 10.8,Revisado
2011-11-13,08:13:53,   4.433, -75.669,   4.0,  2.5,,QUINDIO,CORDOBA,6, 0.40,175,  2.7,  2.3,  5.5,Revisado
2011-11-13,10:11:12,   4.416, -75.673,  20.3,  2.3,,QUINDIO,CORDOBA,6, 0.30,94,  6.4,  2.8,  8.5,Revisado
2011-11-13,14:32:18,   4.452, -75.663,   4.0,  1.8,,QUINDIO,CORDOBA,5, 0.20,173,  3.0,  2.4,  5.3,Revisado
2011-11-13,14:44:41,   4.426, -75.683,   4.0,  2.3,,QUINDIO,CORDOBA,8, 0.50,93,  3.3,  2.9,  7.6,Revisado
2011-11-13,23:28:32,   4.427, -75.681,   4.5,  1.6,,QUINDIO,CORDOBA,7, 0.50,93,  3.4,  3.6,  9.6,Revisado
2011-11-14,04:52:20,   4.467, -75.579,  16.0,  1.1,,QUINDIO,CALARCA,4, 0.20,251,  2.2,  6.3,  7.8,Revisado
2011-11-14,07:02:58,   4.429, -75.666,   3.9,  1.4,,QUINDIO,CORDOBA,5, 0.40,154,  3.5,  5.2,  8.7,Revisado
2011-11-20,07:20:43,   4.429, -75.674,   5.0,  1.6,,QUINDIO,CORDOBA,8, 0.30,83,  1.9,  2.5, 10.0,Revisado
2011-12-01,15:43:24,   4.576, -75.760, 138.0,  2.5,,QUINDIO,MONTENEGRO,6, 0.60,88,  6.5,  7.4, 11.5,Revisado
2011-12-17,20:44:21,   4.639, -75.594,   4.2,  1.4,,QUINDIO,SALENTO,4, 0.20,252,  2.4, 15.5, 99.9,Revisado
2012-02-05,01:37:34,   4.440, -75.732,  20.9,  1.7,,QUINDIO,CORDOBA,5, 0.40,166,  7.7,  5.1,  8.3,Revisado
2012-02-09,11:11:52,   4.449, -75.736,   4.0,  1.1,,QUINDIO,LA_TEBAIDA,4, 0.50,168,  4.4,  4.0,  9.4,Revisado
2012-02-25,06:58:00,   4.479, -75.670,   4.2,  1.4,,QUINDIO,CALARCA,7, 0.30,100,  2.2,  1.6,  4.6,Revisado
2012-02-25,14:57:40,   4.530, -75.606,   0.1,  1.2,,QUINDIO,CALARCA,4, 0.30,257,  2.6,  4.5,  3.2,Revisado
2012-03-07,09:18:55,   4.028, -75.925, 167.8,  2.6,,QUINDIO,GENOVA,18, 0.50,67,  3.3,  4.6,  5.4,Revisado
2012-03-21,21:34:22,   4.477, -75.706,   4.0,  1.1,,QUINDIO,ARMENIA,4, 0.50,168,  3.8,  3.5,  8.3,Revisado
2012-03-21,21:36:33,   4.506, -75.735,   4.0,  1.4,,QUINDIO,ARMENIA,4, 0.50,175,  4.2,  3.8,  8.7,Revisado
2012-03-21,23:30:29,   4.507, -75.718,   4.1,  1.1,,QUINDIO,ARMENIA,4, 0.20,173,  2.2,  2.1,  4.7,Revisado
2012-03-21,23:46:15,   4.508, -75.724,   4.3,  1.2,,QUINDIO,ARMENIA,5, 0.40,155,  2.6,  3.5,  6.5,Revisado
2012-04-03,22:13:14,   4.248, -75.572,  43.3,  1.3,,QUINDIO,PIJAO,4, 0.20,251,  5.1, 11.1,  9.5,Revisado
2012-04-11,13:39:30,   4.244, -75.545,   4.0,  2.5,,QUINDIO,PIJAO,6, 0.40,125,  3.5,  3.7,  7.5,Revisado
2012-04-11,23:46:38,   4.181, -75.730,  37.8,  2.6,,QUINDIO,GENOVA,4, 0.40,156,  5.2,  4.5, 39.5,Revisado
2012-05-30,10:51:05,   4.332, -75.612,   0.0,  2.5,,QUINDIO,PIJAO,5, 0.30,130,  2.1,  2.0,  5.1,Revisado
2012-06-03,07:22:52,   4.635, -75.795, 142.7,  1.6,,QUINDIO,QUIMBAYA,5, 0.40,149,  3.4,  4.9,  9.9,Revisado
2012-06-05,09:19:24,   4.208, -75.783,   4.0,  2.7,,QUINDIO,GENOVA,7, 0.40,76,  2.2,  2.1,  5.5,Revisado
2012-06-06,09:58:53,   4.467, -75.688,  18.0,  1.9,,QUINDIO,ARMENIA,6, 0.60,126,  6.3,  3.7, 12.2,Revisado
2012-06-08,16:22:09,   4.422, -75.676,  17.7,  1.7,,QUINDIO,CORDOBA,6, 0.40,117,  4.6,  2.8,  7.2,Revisado
2012-06-13,02:15:22,   4.449, -75.895, 154.1,  1.8,,QUINDIO,LA_TEBAIDA,5, 0.40,95,  4.5,  5.2,  8.6,Revisado
2012-06-17,00:10:44,   4.219, -75.793,   4.6,  1.3,,QUINDIO,GENOVA,7, 0.40,119,  3.7,  2.9,  6.9,Revisado
2012-06-24,08:39:06,   4.403, -75.667,   2.9,  1.8,,QUINDIO,CORDOBA,5, 0.60,113,  5.1,  3.5, 10.5,Revisado
2012-07-08,01:51:33,   4.518, -75.818,  17.4,  1.2,,QUINDIO,MONTENEGRO,5, 0.10,133,  1.8,  1.4,  3.4,Revisado
2012-07-11,00:38:36,   4.508, -75.821,  17.2,  1.9,,QUINDIO,LA_TEBAIDA,5, 0.30,131,  3.0,  2.0,  5.8,Revisado
2012-08-20,02:33:58,   4.734, -75.382, 120.7,  1.4,,QUINDIO,SALENTO,5, 0.40,205,  8.0, 13.2, 19.3,Revisado
2012-09-26,18:21:53,   4.454, -75.619,   0.0,  1.2,,QUINDIO,CALARCA,4, 0.10,256,  1.5,  2.2,  1.7,Revisado
2012-10-23,01:33:27,   4.416, -75.688,   7.8,  2.5,,QUINDIO,CORDOBA,8, 0.50,73,  2.8,  2.7, 12.4,Revisado
2012-10-23,01:41:24,   4.414, -75.710,  19.5,  2.6,,QUINDIO,CORDOBA,8, 0.50,94,  3.2,  3.5,  6.9,Revisado
2012-10-26,05:51:00,   4.438, -75.719,   4.3,  1.2,,QUINDIO,CORDOBA,4, 0.50,165,  5.0,  3.6,  8.4,Revisado
2012-10-28,11:50:15,   4.200, -75.859, 171.0,  2.8,,QUINDIO,GENOVA,9, 0.60,68,  5.0,  6.8,  8.9,Revisado
2012-11-03,21:19:43,   4.488, -75.691,   4.0,  1.5,,QUINDIO,ARMENIA,6, 0.40,99,  2.9,  2.3,  6.4,Revisado
2012-11-16,04:54:51,   4.482, -75.682,   4.0,  1.4,,QUINDIO,ARMENIA,7, 0.40,119,  2.8,  2.1,  5.5,Revisado
2012-11-18,17:31:06,   4.155, -75.728, 187.0,  2.6,,QUINDIO,GENOVA,10, 0.60,93,  5.2,  5.9,  8.6,Revisado
2012-12-06,20:15:21,   4.462, -75.655,   4.0,  1.0,,QUINDIO,CALARCA,4, 0.10,171,  1.6,  1.0,  2.3,Revisado
2012-12-07,23:48:00,   4.410, -75.847,   4.0,  1.3,,QUINDIO,LA_TEBAIDA,5, 0.20,176,  2.8,  1.8,  4.1,Revisado
2013-01-07,02:26:47,   4.352, -75.659,   4.0,  1.1,,QUINDIO,PIJAO,5, 0.30,166,  5.1,  4.0, 15.5,Revisado
2013-02-02,04:46:19,   4.416, -75.858,   7.3,  1.8,,QUINDIO,LA_TEBAIDA,5, 0.20,122,  2.7,  2.4,  5.9,Revisado
2013-02-23,20:43:26,   4.754, -75.401,   0.7,  1.6,,QUINDIO,SALENTO,5, 0.50,157,  4.3,  8.5, 10.0,Revisado
2013-03-17,20:15:05,   4.497, -75.682,   4.0,  2.3,  2.9,QUINDIO,ARMENIA,10, 0.50,111,  2.9,  2.5,  6.0,Revisado
2013-04-13,16:44:02,   4.294, -75.577,   2.6,  2.4,,QUINDIO,PIJAO,8, 0.40,129,  3.1,  2.9,  6.7,Revisado
2013-05-06,00:43:54,   4.531, -75.832, 150.1,  1.6,,QUINDIO,MONTENEGRO,8, 0.30,88,  3.2,  4.8,  7.9,Revisado
2013-05-14,20:31:00,   4.639, -75.609, 147.0,  2.2,,QUINDIO,SALENTO,6, 0.50,103,  6.1,  6.5, 12.6,Revisado
2013-05-17,06:54:48,   4.628, -75.620,   2.2,  1.5,,QUINDIO,CIRCASIA,8, 0.50,96,  2.8,  3.1,  7.4,Revisado
2013-06-08,21:14:44,   4.623, -75.621, 144.0,  2.8,  3.3,QUINDIO,CIRCASIA,21, 0.60,51,  2.9,  4.3,  5.7,Revisado
2013-06-25,03:36:22,   4.170, -75.883, 149.9,  1.7,,QUINDIO,GENOVA,9, 0.50,92,  6.3,  6.8, 10.4,Revisado
2013-07-04,20:34:46,   4.621, -75.775,   5.1,  1.0,,QUINDIO,QUIMBAYA,6, 0.50,95,  2.4,  2.6,  7.0,Revisado
2013-07-26,20:43:09,   4.458, -75.765, 155.9,  1.8,,QUINDIO,LA_TEBAIDA,6, 0.50,104,  5.6,  6.6,  8.5,Revisado
2013-08-10,05:41:58,   4.666, -75.722, 142.6,  2.7,  3.2,QUINDIO,FILANDIA,28, 0.50,71,  2.2,  3.4,  4.7,Revisado
2013-08-25,09:12:36,   4.428, -75.678,   4.0,  1.3,  2.0,QUINDIO,CORDOBA,6, 0.60,97,  2.9,  3.2,  8.3,Revisado
2013-08-29,07:19:59,   4.703, -75.607,   0.9,  0.8,,QUINDIO,FILANDIA,5, 0.20,230,  1.2,  5.0,  4.4,Revisado
2013-09-01,21:42:20,   4.517, -75.857,   0.6,  1.3,,QUINDIO,LA_TEBAIDA,5, 0.30,130,  2.1,  1.7,  4.4,Revisado
2013-09-18,05:06:12,   4.515, -75.754,   4.0,  0.8,,QUINDIO,MONTENEGRO,4, 0.30,161,  1.9,  2.1,  4.8,Revisado
2013-09-28,02:25:24,   4.524, -75.701,   4.0,  1.2,  2.1,QUINDIO,ARMENIA,5, 0.50,155,  3.0,  3.5,  7.8,Revisado
2013-10-01,23:02:53,   4.553, -75.651, 140.3,  1.3,,QUINDIO,CALARCA,5, 0.40,107,  6.2,  7.4, 10.7,Revisado
2013-10-02,11:31:21,   4.369, -75.731,   4.0,  1.5,,QUINDIO,BUENAVISTA,6, 0.70,158,  8.7,  4.6, 17.5,Revisado
2013-10-11,04:16:35,   4.528, -75.663,   4.3,  0.9,,QUINDIO,CALARCA,4, 0.20,155,  1.7,  1.7,  4.0,Revisado
2013-10-18,01:50:43,   4.423, -75.894, 148.6,  2.0,,QUINDIO,LA_TEBAIDA,12, 0.50,95,  3.9,  5.5,  7.0,Revisado
2013-11-29,08:08:11,   4.310, -75.682,   4.0,  1.0,,QUINDIO,PIJAO,4, 0.20,135,  1.5,  1.6,  4.3,Revisado
2013-12-11,07:33:39,   4.457, -75.878, 150.4,  1.4,,QUINDIO,LA_TEBAIDA,6, 0.40,126,  4.2,  4.3,  7.9,Revisado
2013-12-13,14:45:18,   4.569, -75.536,   4.0,  1.7,,QUINDIO,SALENTO,8, 0.40,109,  1.9,  2.2,  5.7,Revisado
2014-01-03,09:30:33,   4.629, -75.780,  31.7,  0.5,,QUINDIO,QUIMBAYA,4, 0.10,252,  0.9,  2.6,  1.4,Revisado
2014-01-17,10:16:36,   4.724, -75.616, 146.0,  1.7,,QUINDIO,FILANDIA,5, 0.40,140,  6.1, 18.5, 15.5,Revisado
2014-01-29,21:28:26,   4.447, -75.696,   4.1,  1.3,,QUINDIO,CORDOBA,5, 0.50,109,  3.0,  3.7,  8.7,Revisado
2014-02-06,20:18:40,   4.426, -75.677,   4.0,  1.2,,QUINDIO,CORDOBA,5, 0.40,110,  2.3,  2.5,  6.5,Revisado
2014-02-17,08:28:44,   4.441, -75.685, 164.3,  2.7,  3.1,QUINDIO,CORDOBA,23, 0.50,52,  2.5,  3.2,  4.7,Revisado
2014-02-28,21:41:17,   4.647, -75.767,   0.0,  1.3,,QUINDIO,QUIMBAYA,6, 0.50,98,  2.6,  2.9,  7.4,Revisado
2014-03-02,15:48:03,   4.124, -75.929, 171.6,  3.3,  3.7,QUINDIO,GENOVA,27, 0.50,73,  2.2,  3.6,  4.6,Revisado
2014-03-06,10:15:14,   4.026, -75.971, 138.2,  1.3,,QUINDIO,GENOVA,4, 0.50,164,  8.0,  7.9, 11.7,Revisado
2014-03-07,04:35:39,   4.583, -75.766,  22.5,  1.5,,QUINDIO,MONTENEGRO,5, 0.40,110,  2.5,  2.6,  4.1,Revisado
2014-03-10,08:30:27,   4.459, -75.812,   0.8,  2.3,,QUINDIO,LA_TEBAIDA,9, 0.70,94,  3.5,  4.5,  8.3,Revisado
2014-03-16,18:57:36,   4.441, -75.684,   4.0,  1.1,,QUINDIO,CORDOBA,6, 0.60,155,  5.4,  4.7,  9.4,Revisado
2014-03-17,05:40:57,   4.249, -75.671, 153.3,  1.6,,QUINDIO,PIJAO,4, 0.50,244,  9.6, 32.3, 19.2,Revisado
2014-03-22,02:41:51,   4.365, -75.733,   4.0,  1.5,,QUINDIO,BUENAVISTA,7, 0.30,105,  2.4,  1.9,  5.1,Revisado
2014-03-26,02:17:43,   4.428, -75.697,   4.0,  1.3,,QUINDIO,CORDOBA,8, 0.40,112,  2.5,  2.8,  7.6,Revisado
2014-04-02,09:08:37,   4.591, -75.784, 146.4,  1.9,,QUINDIO,QUIMBAYA,9, 0.40,100,  3.5,  5.9,  6.8,Revisado
2014-04-05,07:35:36,   4.655, -75.579,   4.1,  1.4,,QUINDIO,SALENTO,10, 0.40,73,  1.8,  2.1,  4.9,Revisado
2014-04-10,19:16:24,   4.425, -75.675,   4.0,  2.0,,QUINDIO,CORDOBA,9, 0.50,97,  2.3,  2.3,  6.0,Revisado
2014-04-13,11:45:50,   4.567, -75.817,   4.4,  1.2,,QUINDIO,MONTENEGRO,5, 0.50,192,  7.4,  3.4, 10.4,Revisado
2014-04-16,21:44:14,   4.242, -75.879, 172.0,  2.8,  3.5,QUINDIO,GENOVA,32, 0.50,87,  2.7,  3.8,  4.6,Revisado
2014-05-13,23:45:38,   4.215, -75.810, 164.0,  1.7,,QUINDIO,GENOVA,9, 0.40,106,  4.5,  6.2,  6.7,Revisado
2014-05-22,10:31:45,   4.502, -75.660,   4.2,  0.5,,QUINDIO,CALARCA,5, 0.40,98,  3.5,  2.2,  7.2,Revisado
2014-05-25,13:54:53,   4.538, -75.635,   4.1,  1.0,,QUINDIO,CALARCA,5, 0.50,233,  2.6,  5.0,  4.1,Revisado
2014-06-04,01:35:35,   4.488, -75.675,   4.0,  0.7,,QUINDIO,ARMENIA,8, 0.40,90,  2.3,  2.1,  5.8,Revisado
2014-06-07,03:59:47,   4.485, -75.685,   4.1,  0.8,,QUINDIO,ARMENIA,5, 0.50,166,  3.1,  3.5,  7.7,Revisado
2014-06-11,07:49:24,   4.493, -75.713,   4.7,  0.9,,QUINDIO,ARMENIA,4, 0.40,171,  3.2,  3.0,  6.4,Revisado
2014-06-17,12:11:12,   4.740, -75.688,   4.0,  1.3,,QUINDIO,FILANDIA,6, 0.30,173,  2.6,  2.8,  5.5,Revisado
2014-07-27,14:24:48,   4.412, -75.693,   4.2,  1.1,,QUINDIO,CORDOBA,6, 0.20,159,  1.3,  1.2,  0.0,Revisado
2014-08-09,20:58:20,   4.554, -75.853, 144.4,  2.1,,QUINDIO,MONTENEGRO,13, 0.40,88,  2.8,  5.0,  5.3,Revisado
2014-09-05,03:03:40,   4.448, -75.640,   4.0,  0.8,,QUINDIO,CORDOBA,4, 0.30,236,  1.9,  6.2,  6.6,Revisado
2014-10-03,12:55:35,   4.494, -75.710,   4.0,  1.3,,QUINDIO,ARMENIA,6, 0.50,154,  3.1,  3.1,  7.4,Revisado
2014-10-03,14:29:20,   4.518, -75.725,   4.0,  1.1,,QUINDIO,ARMENIA,5, 0.50,211,  6.0,  3.4,  8.3,Revisado
2014-10-03,22:24:45,   4.526, -75.702,   4.0,  0.6,,QUINDIO,ARMENIA,6, 0.30,211,  3.5,  2.0,  5.0,Revisado
2014-10-04,07:22:51,   4.519, -75.719,   4.2,  0.9,,QUINDIO,ARMENIA,7, 0.60,157,  3.4,  3.4,  7.0,Revisado
2014-11-09,04:12:43,   4.582, -75.766, 151.5,  2.4,,QUINDIO,MONTENEGRO,18, 0.50,125,  2.3,  5.3,  5.3,Revisado
2014-11-10,04:49:29,   4.460, -75.913, 136.0,  1.7,,QUINDIO,LA_TEBAIDA,11, 0.50,134,  4.5,  6.8,  8.7,Revisado
2014-11-12,03:12:37,   4.415, -75.723,   4.0,  0.8,,QUINDIO,CORDOBA,5, 0.60,192,  5.6,  3.8,  9.4,Revisado
2014-12-09,21:44:26,   4.672, -75.532,   4.0,  1.2,,QUINDIO,SALENTO,6, 0.30,128,  1.6,  1.7,  4.1,Revisado
2014-12-23,10:48:35,   4.668, -75.682, 135.2,  1.4,,QUINDIO,FILANDIA,7, 0.50,102,  5.6,  6.7,  9.4,Revisado
2014-12-29,05:00:42,   4.439, -75.687,   4.3,  1.8,,QUINDIO,CORDOBA,10, 0.80,73,  3.6,  3.3,  8.9,Revisado
2015-01-02,03:01:25,   4.478, -75.686,   4.1,  1.1,,QUINDIO,ARMENIA,8, 0.50,91,  2.4,  2.1,  5.7,Revisado
2015-01-10,04:06:16,   4.398, -75.670,   4.0,  1.1,,QUINDIO,CORDOBA,5, 0.30,112,  2.3,  1.6,  5.0,Revisado
2015-01-28,01:00:20,   4.504, -75.660,   9.6,  0.6,,QUINDIO,CALARCA,4, 0.10,158,  1.2,  1.3, 17.8,Revisado
2015-02-25,15:27:53,   4.434, -75.645,   4.0,  1.0,,QUINDIO,CORDOBA,7, 0.20,164,  1.3,  1.5,  3.3,Revisado
2015-03-20,10:12:35,   3.944, -75.916,  24.2,  2.3,,QUINDIO,GENOVA,19, 0.60,64,  2.1,  2.7,  3.4,Revisado
2015-03-20,22:32:08,   4.444, -75.677,   4.4,  0.6,,QUINDIO,CORDOBA,6, 0.30,146,  2.4,  2.3,  5.9,Revisado
2015-03-23,02:50:07,   4.406, -75.697,   4.0,  0.9,,QUINDIO,CORDOBA,4, 0.60,124,  4.2,  2.9,  9.3,Revisado
2015-04-06,03:43:50,   4.489, -75.701,   4.2,  1.1,,QUINDIO,ARMENIA,6, 0.30,153,  1.7,  1.9,  4.3,Revisado
2015-04-22,14:00:23,   4.412, -75.706,  12.0,  1.2,,QUINDIO,CORDOBA,5, 0.10,147,  1.2,  1.1, 10.4,Revisado
2015-05-16,12:38:22,   4.376, -75.701,  11.6,  1.5,,QUINDIO,CORDOBA,4, 0.30,190,  3.5,  1.9,  5.8,Revisado
2015-06-07,11:42:14,   4.665, -75.549,  14.0,  0.9,,QUINDIO,SALENTO,5, 0.30,91,  2.3,  2.9, 12.7,Revisado
2015-06-08,03:41:29,   4.645, -75.701, 141.7,  1.8,,QUINDIO,FILANDIA,15, 0.40,70,  2.3,  4.2,  4.8,Revisado
2015-06-08,04:57:16,   4.401, -75.687,   4.0,  1.9,,QUINDIO,CORDOBA,17, 0.30,72,  1.3,  1.4,  3.1,Revisado
2015-06-19,09:35:51,   4.493, -75.696,   4.2,  0.8,,QUINDIO,ARMENIA,4, 0.40,204,  4.3,  2.9,  6.6,Revisado
2015-07-02,09:43:19,   4.436, -75.683,   4.2,  0.6,,QUINDIO,CORDOBA,5, 0.50,120,  3.4,  2.5,  7.8,Revisado
2015-07-02,10:44:57,   4.416, -75.696,   4.1,  0.8,,QUINDIO,CORDOBA,4, 0.60,116,  4.2,  3.1,  9.7,Revisado
2015-07-04,14:02:11,   4.608, -75.711,   4.0,  1.4,,QUINDIO,QUIMBAYA,6, 0.50,92,  3.2,  3.3,  8.5,Revisado
2015-07-07,04:13:02,   4.363, -75.766,   3.9,  0.7,,QUINDIO,BUENAVISTA,6, 0.50,106,  2.9,  2.5,  7.3,Revisado
2015-08-21,14:16:16,   4.432, -75.688,   0.9,  3.9,  4.1,QUINDIO,CORDOBA,41, 0.70,52,  1.9,  2.7,  4.4,Revisado
2015-09-08,23:29:44,   4.173, -75.875,   4.0,  1.3,,QUINDIO,GENOVA,5, 0.40,138,  2.5,  2.1,  5.9,Revisado
2015-09-18,04:35:09,   4.105, -75.872,   0.0,  4.2,  4.7,QUINDIO,GENOVA,54, 0.60,34,  1.8,  1.5,  3.7,Revisado
2015-09-18,23:56:49,   4.225, -75.859,   4.0,  1.3,,QUINDIO,GENOVA,6, 0.50,143,  2.9,  2.8,  6.8,Revisado
2015-09-19,07:07:50,   4.221, -75.857,   4.0,  1.3,,QUINDIO,GENOVA,4, 0.30,175,  3.1,  1.6,  4.9,Revisado
2015-09-20,22:49:08,   4.217, -75.869,   4.0,  1.2,,QUINDIO,GENOVA,5, 0.40,143,  3.0,  2.4,  6.7,Revisado
2015-09-25,07:27:28,   4.219, -75.855,   4.0,  1.8,,QUINDIO,GENOVA,5, 0.30,151,  2.8,  2.2,  7.5,Revisado
2015-10-10,07:41:53,   4.204, -75.856,   4.8,  0.9,,QUINDIO,GENOVA,7, 0.40,140,  2.9,  2.3,  8.6,Revisado
2015-10-12,16:22:28,   4.360, -75.662,   4.0,  0.8,,QUINDIO,CORDOBA,4, 0.30,146,  3.3,  2.3,  6.5,Revisado
2015-10-23,02:17:43,   4.456, -75.661,   0.0,  0.6,,QUINDIO,CORDOBA,4, 0.30,163,  4.0,  5.0, 12.4,Revisado
2015-11-17,14:53:19,   4.413, -75.687,   4.0,  1.5,,QUINDIO,CORDOBA,8, 0.30,98,  1.5,  1.4,  3.5,Revisado
2015-11-29,18:38:12,   4.218, -75.857,   4.0,  1.1,,QUINDIO,GENOVA,5, 0.40,127,  2.8,  2.2,  6.9,Revisado
2015-12-05,12:27:31,   4.482, -75.687,   4.0,  1.8,,QUINDIO,ARMENIA,5, 0.40,164,  2.4,  4.2,  7.6,Revisado
2015-12-05,14:54:43,   4.423, -75.684,   3.8,  1.2,,QUINDIO,CORDOBA,4, 0.20,157,  1.4,  1.5,  3.5,Revisado
2015-12-07,03:13:32,   4.424, -75.667,   4.0,  1.1,,QUINDIO,CORDOBA,7, 0.40,97,  1.7,  1.8,  4.8,Revisado
2015-12-07,20:08:05,   4.154, -75.866,   4.0,  1.4,,QUINDIO,GENOVA,4, 0.30,141,  3.0,  2.0,  5.8,Revisado
2015-12-08,22:58:39,   4.730, -75.630,   4.1,  1.2,,QUINDIO,FILANDIA,7, 0.30,130,  1.7,  2.0,  4.8,Revisado
2015-12-23,22:49:16,   4.337, -75.711,   3.9,  1.0,,QUINDIO,PIJAO,5, 0.30,109,  2.0,  1.9,  5.2,Revisado
2015-12-25,02:01:22,   4.337, -75.711,   4.0,  1.4,,QUINDIO,PIJAO,8, 0.30,109,  1.9,  2.2,  5.8,Revisado
2015-12-25,02:01:33,   4.332, -75.720,   6.4,  1.4,,QUINDIO,PIJAO,9, 0.60,109,  2.9,  2.9, 10.4,Revisado
2015-12-26,22:28:04,   4.422, -75.668,   4.0,  1.3,,QUINDIO,CORDOBA,6, 0.50,97,  2.5,  2.2,  6.4,Revisado
2016-01-10,10:22:54,   4.212, -75.796,   4.0,  1.1,,QUINDIO,GENOVA,4, 0.30,154,  2.6,  1.8,  4.9,Revisado
2016-01-15,18:18:05,   4.438, -75.687,   4.2,  0.9,,QUINDIO,CORDOBA,4, 0.40,204,  4.5,  2.4,  6.7,Revisado
2016-01-17,01:07:07,   4.485, -75.604, 165.6,  2.5,,QUINDIO,CALARCA,20, 0.40,66,  2.1,  3.5,  3.9,Revisado
2016-01-17,07:20:29,   4.460, -75.657,   4.0,  0.8,,QUINDIO,CALARCA,7, 0.20,92,  1.3,  1.4,  2.9,Revisado
2016-01-17,10:07:26,   4.450, -75.706,   4.0,  0.6,,QUINDIO,CORDOBA,4, 0.30,163,  2.2,  2.2,  5.5,Revisado
2016-02-05,08:59:07,   4.444, -75.769, 148.6,  1.8,,QUINDIO,LA_TEBAIDA,10, 0.30,80,  2.9,  4.1,  5.4,Revisado
2016-02-07,08:03:50,   4.439, -75.669,   4.0,  1.1,,QUINDIO,CORDOBA,6, 0.40,95,  2.8,  2.6,  7.2,Revisado
2016-03-07,21:17:21,   4.486, -75.646,   0.2,  1.9,,QUINDIO,CALARCA,7, 0.50,89,  3.8,  2.8,  7.0,Revisado
2016-03-13,20:01:42,   4.485, -75.789, 152.0,  1.6,,QUINDIO,LA_TEBAIDA,10, 0.50,82,  3.9,  5.7,  6.6,Revisado
2016-03-21,06:03:47,   4.041, -75.818,   6.8,  1.1,,QUINDIO,GENOVA,5, 0.20,107,  2.0,  1.3,  5.6,Revisado
2016-03-23,01:25:01,   4.171, -75.842,   4.0,  1.4,,QUINDIO,GENOVA,9, 0.50,94,  2.3,  2.3,  5.0,Revisado
2016-04-11,01:28:37,   4.422, -75.683, 159.3,  1.7,,QUINDIO,CORDOBA,10, 0.50,104,  4.0,  6.4,  8.2,Revisado
2016-04-19,23:47:45,   3.969, -75.927,  61.0,  2.3,,QUINDIO,GENOVA,12, 0.50,71,  3.8,  6.2, 13.1,Revisado
2016-05-01,05:38:27,   4.222, -75.804,   4.0,  1.7,,QUINDIO,GENOVA,12, 0.50,63,  2.2,  2.3,  4.1,Revisado
2016-05-05,16:23:59,   4.160, -75.861,   4.0,  1.0,,QUINDIO,GENOVA,4, 0.50,142,  4.1,  2.7,  7.9,Revisado
2016-05-06,06:40:43,   4.426, -75.692,   4.0,  0.7,,QUINDIO,CORDOBA,4, 0.30,201,  3.6,  1.9,  5.5,Revisado
2016-05-10,02:36:46,   4.551, -75.652,   0.0,  2.2,,QUINDIO,CALARCA,13, 0.50,68,  2.4,  2.7,  4.4,Revisado
2016-05-11,06:16:21,   4.730, -75.575,   3.7,  0.9,,QUINDIO,SALENTO,4, 0.30,129,  1.9,  1.8,  4.8,Revisado
2016-05-16,07:23:10,   4.569, -75.669,   2.7,  1.9,,QUINDIO,ARMENIA,18, 0.60,69,  2.1,  2.3,  4.9,Revisado
2016-05-22,04:09:20,   4.462, -75.642,  12.3,  2.1,,QUINDIO,CALARCA,7, 0.40,128,  3.0,  3.2,  6.3,Revisado
2016-05-22,16:32:04,   4.608, -75.720, 143.4,  1.7,,QUINDIO,QUIMBAYA,10, 0.30,104,  2.9,  3.6,  5.2,Revisado
2016-05-23,16:22:07,   4.434, -75.702,   6.0,  1.9,,QUINDIO,CORDOBA,14, 0.30,53,  1.9,  2.1,  5.3,Revisado
2016-05-29,20:40:25,   4.490, -75.682,   4.0,  1.2,,QUINDIO,ARMENIA,6, 0.50,93,  2.7,  2.3,  6.8,Revisado
2016-06-01,11:04:25,   4.567, -75.572, 156.0,  2.5,,QUINDIO,SALENTO,21, 0.50,46,  2.5,  3.2,  4.7,Revisado
2016-06-04,13:22:09,   4.167, -75.856,   3.0,  1.1,,QUINDIO,GENOVA,5, 0.50,143,  4.3,  2.5,  7.7,Revisado
2016-06-04,13:22:29,   4.159, -75.874,   3.7,  1.5,,QUINDIO,GENOVA,4, 0.50,140,  4.3,  2.8,  8.2,Revisado
2016-06-05,02:09:51,   4.734, -75.553, 166.3,  1.9,,QUINDIO,SALENTO,11, 0.50,101,  5.5,  6.4,  8.3,Revisado
2016-06-05,21:03:21,   4.161, -75.840,   4.0,  1.2,,QUINDIO,GENOVA,4, 0.50,138,  4.1,  2.8,  9.5,Revisado
2016-06-09,19:55:42,   4.254, -75.837, 167.8,  2.5,,QUINDIO,GENOVA,18, 0.60,65,  3.5,  5.0,  6.6,Revisado
2016-06-11,00:04:20,   4.046, -75.911,  24.2,  1.0,,QUINDIO,GENOVA,4, 0.40,154,  4.7,  2.5,  4.7,Revisado
2016-06-28,07:12:00,   4.490, -75.683,   4.0,  1.2,,QUINDIO,ARMENIA,9, 0.30,72,  1.4,  1.6,  4.0,Revisado
2016-07-11,18:05:21,   4.478, -75.804,  23.7,  1.3,,QUINDIO,LA_TEBAIDA,4, 0.30,137,  2.7,  1.7,  3.7,Revisado
2016-07-12,11:21:31,   4.467, -75.695,   4.1,  1.4,,QUINDIO,ARMENIA,6, 0.40,101,  2.6,  2.3,  6.5,Revisado
2016-07-18,03:38:56,   4.501, -75.747,  47.3,  1.6,,QUINDIO,LA_TEBAIDA,4, 0.20,138,  2.8,  2.5, 12.0,Revisado
2016-07-19,13:13:51,   4.035, -75.783,   0.0,  1.6,,QUINDIO,GENOVA,5, 0.50,155,  3.9,  2.9,  8.2,Revisado
2016-07-22,01:21:58,   4.190, -75.811,  48.2,  1.2,,QUINDIO,GENOVA,4, 0.20,195,  2.5,  1.8,  6.2,Revisado
2016-07-24,00:33:35,   4.669, -75.591, 155.5,  2.0,,QUINDIO,SALENTO,8, 0.60,162,  8.7, 15.2, 11.2,Revisado
2016-07-25,07:58:07,   4.486, -75.687,   4.1,  0.8,,QUINDIO,ARMENIA,6, 0.40,99,  2.0,  1.7,  5.0,Revisado
2016-07-26,04:24:34,   4.478, -75.677,   4.0,  1.2,,QUINDIO,ARMENIA,8, 0.50,100,  2.7,  2.5,  6.9,Revisado
2016-07-31,06:24:52,   4.483, -75.685,   4.0,  0.8,,QUINDIO,ARMENIA,6, 0.40,99,  2.1,  1.8,  5.2,Revisado
2016-08-12,04:50:32,   4.277, -75.773,   4.0,  1.7,,QUINDIO,GENOVA,12, 0.40,78,  2.2,  2.1,  5.1,Revisado
2016-08-16,19:51:53,   4.475, -75.671,   4.0,  2.2,,QUINDIO,ARMENIA,18, 0.50,50,  2.2,  2.1,  6.8,Revisado
2016-08-23,04:38:36,   4.060, -75.756,   0.0,  1.4,,QUINDIO,GENOVA,10, 0.70,85,  2.8,  3.0,  7.4,Revisado
2016-08-29,10:59:01,   4.489, -75.695,   4.0,  1.0,,QUINDIO,ARMENIA,4, 0.10,152,  1.0,  0.9,  1.9,Revisado
2016-09-01,17:33:14,   4.583, -75.798, 150.4,  2.1,,QUINDIO,MONTENEGRO,13, 0.30,82,  3.2,  5.2,  5.9,Revisado
2016-09-18,18:24:18,   4.333, -75.754,  33.8,  2.0,,QUINDIO,BUENAVISTA,6, 0.20,174,  2.3,  2.2,  9.3,Revisado
2016-09-28,16:02:44,   4.230, -75.744,  18.5,  1.2,,QUINDIO,GENOVA,5, 0.20,195,  3.1,  2.7,  6.9,Revisado
2016-11-01,06:17:47,   4.201, -75.845,   4.0,  0.8,,QUINDIO,GENOVA,5, 0.60,130,  3.6,  2.9,  8.5,Revisado
2016-11-29,11:23:23,   4.437, -75.694,   4.1,  1.0,,QUINDIO,CORDOBA,6, 0.40,96,  2.3,  2.2,  6.1,Revisado
2016-12-06,08:46:50,   4.468, -75.683,   4.0,  0.7,,QUINDIO,ARMENIA,6, 0.60,92,  3.5,  3.2,  8.6,Revisado
2017-01-22,09:12:56,   4.592, -75.815, 150.7,  2.8,,QUINDIO,QUIMBAYA,27, 0.60,68,  2.5,  3.6,  4.3,Revisado
2017-01-30,10:11:46,   4.416, -75.703,  20.1,  1.8,,QUINDIO,CORDOBA,10, 0.20,98,  1.9,  1.6,  3.7,Revisado
2017-02-02,06:19:26,   4.396, -75.688,   2.0,  0.6,,QUINDIO,CORDOBA,4, 0.40,106,  2.3,  2.2,  5.9,Revisado
2017-02-09,23:56:43,   4.452, -75.692,   3.9,  1.1,,QUINDIO,CORDOBA,4, 0.20,105,  1.9,  1.8,  4.7,Revisado
2017-02-19,20:23:45,   4.177, -75.837, 163.5,  1.7,,QUINDIO,GENOVA,8, 0.30,143,  5.8,  5.1,  5.3,Revisado
2017-02-28,20:08:50,   4.446, -75.674,  32.1,  1.1,,QUINDIO,CORDOBA,4, 0.20,108,  2.2,  2.2,  9.8,Revisado
2017-03-07,01:41:17,   4.588, -75.791, 138.1,  1.2,,QUINDIO,QUIMBAYA,5, 0.10,144,  1.2,  1.9,  3.8,Revisado
2017-03-18,09:24:13,   4.440, -75.703,   4.1,  1.4,,QUINDIO,CORDOBA,8, 0.40,149,  2.0,  2.6,  9.4,Revisado
2017-03-24,20:36:55,   4.177, -75.627,   4.2,  1.1,,QUINDIO,GENOVA,4, 0.20,133,  1.5,  1.3,  3.8,Revisado
2017-03-25,10:14:15,   4.639, -75.626, 149.6,  1.4,,QUINDIO,CIRCASIA,5, 0.40,209,  6.9,  6.8,  8.7,Revisado
2017-04-23,02:58:55,   4.521, -75.777, 151.1,  3.7,  4.1,QUINDIO,MONTENEGRO,50, 0.60,58,  2.3,  3.0,  4.6,Revisado
2017-05-06,06:30:55,   4.467, -75.673,   4.1,  1.2,,QUINDIO,ARMENIA,5, 0.40,92,  2.2,  1.8,  5.4,Revisado
2017-05-12,11:25:34,   4.133, -75.903,   3.4,  1.5,,QUINDIO,GENOVA,4, 0.30,197,  2.6,  2.0,  4.9,Revisado
2017-05-30,16:27:19,   4.519, -75.843,  26.2,  1.3,,QUINDIO,LA_TEBAIDA,5, 0.30,101,  5.7,  2.5,  7.8,Revisado
2017-05-31,03:03:50,   4.395, -75.767,  15.3,  2.0,,QUINDIO,BUENAVISTA,8, 0.30,80,  1.3,  1.4,  2.6,Revisado
2017-05-31,13:18:39,   4.402, -75.674,   3.9,  1.3,,QUINDIO,CORDOBA,4, 0.40,122,  3.0,  2.2,  6.8,Revisado
2017-06-27,09:50:29,   4.226, -75.568, 178.0,  1.5,,QUINDIO,PIJAO,9, 0.60,107,  4.8,  6.7,  6.4,Revisado
2017-07-19,02:27:09,   4.477, -75.678,  32.1,  0.8,,QUINDIO,ARMENIA,4, 0.40,120,  2.4,  2.8,  6.6,Revisado
2017-08-12,02:39:31,   4.450, -75.653,   4.0,  0.7,,QUINDIO,CORDOBA,5, 0.20,156,  1.3,  1.3,  3.2,Revisado
2017-08-18,03:40:18,   4.441, -75.746, 150.1,  1.5,,QUINDIO,LA_TEBAIDA,8, 0.50,104,  5.2,  5.2,  8.3,Revisado
2017-08-19,04:27:37,   4.523, -75.656,  10.0,  1.5,,QUINDIO,CALARCA,8, 0.30,81,  1.6,  1.8,  7.7,Revisado
2017-08-19,07:51:39,   4.427, -75.659,   2.2,  1.0,,QUINDIO,CORDOBA,5, 0.30,166,  2.0,  1.9,  4.5,Revisado
2017-08-26,05:10:50,   4.521, -75.674,  13.8,  1.0,,QUINDIO,ARMENIA,8, 0.50,82,  2.5,  2.9,  8.0,Revisado
2017-08-26,18:09:05,   4.421, -75.674,   3.8,  1.7,,QUINDIO,CORDOBA,10, 0.40,73,  1.7,  1.9,  4.8,Revisado
2017-08-28,10:42:40,   4.333, -75.680,   3.1,  1.3,,QUINDIO,PIJAO,7, 0.60,108,  3.4,  3.2,  8.7,Revisado
2017-08-29,00:54:38,   4.511, -75.645,  27.6,  0.9,,QUINDIO,CALARCA,5, 0.70,162,  5.8,  6.4,  9.2,Revisado
2017-09-01,09:23:06,   4.520, -75.680,   4.0,  1.0,,QUINDIO,ARMENIA,6, 0.50,153,  2.3,  2.9,  6.4,Revisado
2017-09-04,10:59:46,   4.533, -75.713,   0.6,  3.0,  3.5,QUINDIO,ARMENIA,35, 0.70,74,  3.2,  3.7,  4.1,Revisado
2017-09-14,22:36:43,   4.518, -75.713,   7.9,  1.0,,QUINDIO,ARMENIA,6, 0.70,156,  2.9,  3.3,  7.2,Revisado
2017-09-25,19:48:37,   4.521, -75.690,  11.2,  1.5,,QUINDIO,ARMENIA,10, 0.50,82,  2.3,  2.4,  4.4,Revisado
2017-09-27,15:12:38,   4.488, -75.692,  11.4,  1.0,,QUINDIO,ARMENIA,6, 0.40,166,  3.0,  2.8,  6.1,Revisado
2017-10-06,04:09:46,   4.497, -75.695,   4.0,  1.6,,QUINDIO,ARMENIA,14, 0.60,80,  2.1,  2.3,  5.5,Revisado
2017-10-25,15:34:42,   4.508, -75.557, 137.6,  1.4,,QUINDIO,CALARCA,5, 0.30,125,  3.7,  3.9,  7.4,Revisado
2017-10-25,17:18:43,   4.452, -75.683,   2.9,  0.9,,QUINDIO,CORDOBA,4, 0.30,254,  1.8,  7.3,  7.3,Revisado
2017-10-25,17:19:10,   4.455, -75.643,   3.0,  0.9,,QUINDIO,CALARCA,4, 0.30,247,  2.1,  8.0,  8.2,Revisado
2017-10-26,05:49:41,   4.416, -75.672,  11.9,  0.9,,QUINDIO,CORDOBA,9, 0.50,98,  2.5,  2.5,  6.7,Revisado
2017-11-01,19:46:06,   4.500, -75.683,   4.4,  1.2,,QUINDIO,ARMENIA,7, 0.40,89,  1.9,  1.8,  5.0,Revisado
2017-11-06,01:20:31,   4.149, -75.896,   4.2,  1.1,,QUINDIO,GENOVA,7, 0.40,107,  2.2,  1.9,  5.5,Revisado
2017-11-09,11:09:02,   4.706, -75.591,   0.0,  0.9,,QUINDIO,SALENTO,4, 0.60,157,  3.6,  5.2,  5.4,Revisado
2017-11-15,16:44:36,   4.461, -75.631,   5.5,  0.8,,QUINDIO,CALARCA,6, 0.40,219,  2.2,  5.0,  6.6,Revisado
2017-11-21,12:22:09,   4.083, -75.742,   4.0,  1.1,,QUINDIO,GENOVA,4, 0.40,213,  4.7,  4.9,  7.1,Revisado
2017-11-24,00:35:56,   4.584, -75.861, 125.1,  1.4,,QUINDIO,QUIMBAYA,6, 0.30,160,  3.9,  3.2,  5.4,Revisado
2017-11-27,19:13:06,   4.439, -75.647,  12.9,  1.0,,QUINDIO,CORDOBA,4, 0.30,232,  4.2,  4.4,  7.7,Revisado
2017-12-05,23:30:12,   4.471, -75.617,  12.1,  0.9,,QUINDIO,CALARCA,7, 0.30,100,  1.9,  1.8,  3.8,Revisado
2017-12-11,12:55:10,   4.266, -75.816,   4.2,  0.6,,QUINDIO,GENOVA,4, 0.30,180,  2.8,  1.6,  4.5,Revisado
2017-12-15,16:33:51,   4.458, -75.838, 148.4,  1.7,,QUINDIO,LA_TEBAIDA,5, 0.40,141,  5.1,  6.5,  7.3,Revisado
2017-12-23,09:29:05,   4.553, -75.809, 147.0,  3.1,  3.5,QUINDIO,MONTENEGRO,39, 1.00,34,  2.7,  3.6,  6.0,Revisado
2017-12-24,13:55:56,   4.491, -75.680,   9.8,  0.8,,QUINDIO,ARMENIA,8, 0.40,90,  1.8,  1.8,  4.6,Revisado
2017-12-27,10:09:47,   4.581, -75.814, 132.5,  1.5,,QUINDIO,MONTENEGRO,8, 0.40,83,  3.1,  4.3,  6.1,Revisado
2018-01-13,23:43:36,   4.576, -75.761, 147.5,  1.7,,QUINDIO,MONTENEGRO,8, 0.40,85,  3.9,  4.6,  6.3,Revisado
2018-01-16,06:24:28,   4.577, -75.861,   6.9,  1.8,,QUINDIO,QUIMBAYA,14, 0.60,89,  2.4,  2.5,  7.0,Revisado
2018-01-26,07:51:18,   4.395, -75.696,  10.6,  0.8,,QUINDIO,CORDOBA,6, 0.30,101,  2.1,  1.5,  7.3,Revisado
2018-01-28,08:10:22,   4.538, -75.844,  18.3,  1.6,,QUINDIO,MONTENEGRO,10, 0.60,96,  3.3,  3.0,  5.2,Revisado
2018-02-09,09:58:24,   4.222, -75.861,   3.1,  1.4,,QUINDIO,GENOVA,11, 0.70,84,  2.9,  3.1,  7.3,Revisado
2018-02-16,06:28:25,   4.380, -75.685,   3.7,  0.7,,QUINDIO,CORDOBA,6, 0.30,102,  1.6,  1.4,  4.0,Revisado
2018-02-19,06:48:58,   4.512, -75.635,  15.1,  1.0,,QUINDIO,CALARCA,5, 0.30,154,  3.1,  2.4,  4.0,Revisado
